과목명,학교명,학년
공통국어1,만경고등학교,1학년
공통국어2,만경고등학교,1학년
공통수학1,만경고등학교,1학년
공통수학2,만경고등학교,1학년
공통영어1,만경고등학교,1학년
공통영어2,만경고등학교,1학년
체육1,만경고등학교,1학년
체육2,만경고등학교,1학년
정보,만경고등학교,1학년
중국어,만경고등학교,1학년
한국사1,만경고등학교,1학년
한국사2,만경고등학교,1학년
통합사회1,만경고등학교,1학년
통합사회2,만경고등학교,1학년
통합과학1,만경고등학교,1학년
통합과학2,만경고등학교,1학년
과학탐구실험1,만경고등학교,1학년
과학탐구실험2,만경고등학교,1학년
공통국어1,만경여고등학교,1학년
공통국어2,만경여고등학교,1학년
공통수학1,만경여고등학교,1학년
공통수학2,만경여고등학교,1학년
공통영어1,만경여고등학교,1학년
공통영어2,만경여고등학교,1학년
체육1,만경여고등학교,1학년
체육2,만경여고등학교,1학년
음악,만경여고등학교,1학년
미술,만경여고등학교,1학년
미술 감상과 비평,만경여고등학교,1학년
한국사1,만경여고등학교,1학년
한국사2,만경여고등학교,1학년
통합사회1,만경여고등학교,1학년
통합사회2,만경여고등학교,1학년
보건,만경여고등학교,1학년
통합과학1,만경여고등학교,1학년
통합과학2,만경여고등학교,1학년
과학탐구실험1,만경여고등학교,1학년
과학탐구실험2,만경여고등학교,1학년
공통국어1,군산중앙고등학교,1학년
공통국어2,군산중앙고등학교,1학년
공통수학1,군산중앙고등학교,1학년
공통수학2,군산중앙고등학교,1학년
공통영어1,군산중앙고등학교,1학년
공통영어2,군산중앙고등학교,1학년
체육1,군산중앙고등학교,1학년
체육2,군산중앙고등학교,1학년
음악,군산중앙고등학교,1학년
음악 감상과 비평,군산중앙고등학교,1학년
한국사1,군산중앙고등학교,1학년
한국사2,군산중앙고등학교,1학년
통합사회1,군산중앙고등학교,1학년
통합사회2,군산중앙고등학교,1학년
통합과학1,군산중앙고등학교,1학년
통합과학2,군산중앙고등학교,1학년
과학탐구실험1,군산중앙고등학교,1학년
과학탐구실험2,군산중앙고등학교,1학년
공통국어1,김제고등학교,1학년
공통국어2,김제고등학교,1학년
공통수학1,김제고등학교,1학년
공통수학2,김제고등학교,1학년
공통영어1,김제고등학교,1학년
공통영어2,김제고등학교,1학년
체육1,김제고등학교,1학년
체육2,김제고등학교,1학년
음악,김제고등학교,1학년
미술,김제고등학교,1학년
한국사1,김제고등학교,1학년
한국사2,김제고등학교,1학년
통합사회1,김제고등학교,1학년
통합사회2,김제고등학교,1학년
통합과학1,김제고등학교,1학년
통합과학2,김제고등학교,1학년
과학탐구실험1,김제고등학교,1학년
과학탐구실험2,김제고등학교,1학년
공통국어1,김제서고등학교,1학년
공통국어2,김제서고등학교,1학년
공통수학1,김제서고등학교,1학년
공통수학2,김제서고등학교,1학년
공통영어1,김제서고등학교,1학년
공통영어2,김제서고등학교,1학년
체육1,김제서고등학교,1학년
체육2,김제서고등학교,1학년
음악,김제서고등학교,1학년
음악 연주와 창작,김제서고등학교,1학년
한국사1,김제서고등학교,1학년
한국사2,김제서고등학교,1학년
통합사회1,김제서고등학교,1학년
통합사회2,김제서고등학교,1학년
통합과학1,김제서고등학교,1학년
통합과학2,김제서고등학교,1학년
과학탐구실험1,김제서고등학교,1학년
과학탐구실험2,김제서고등학교,1학년
공통국어1,김제여고등학교,1학년
공통국어2,김제여고등학교,1학년
공통수학1,김제여고등학교,1학년
공통수학2,김제여고등학교,1학년
공통영어1,김제여고등학교,1학년
공통영어2,김제여고등학교,1학년
체육1,김제여고등학교,1학년
체육2,김제여고등학교,1학년
한국사1,김제여고등학교,1학년
한국사2,김제여고등학교,1학년
통합사회1,김제여고등학교,1학년
통합사회2,김제여고등학교,1학년
통합과학1,김제여고등학교,1학년
통합과학2,김제여고등학교,1학년
과학탐구실험1,김제여고등학교,1학년
과학탐구실험2,김제여고등학교,1학년
음악,김제여고등학교,1학년
미술,김제여고등학교,1학년
음악,김제여고등학교,1학년
미술,김제여고등학교,1학년
공통국어1,남원고등학교,1학년
공통국어2,남원고등학교,1학년
공통수학1,남원고등학교,1학년
공통수학2,남원고등학교,1학년
공통영어1,남원고등학교,1학년
공통영어2,남원고등학교,1학년
스포츠 문화,남원고등학교,1학년
스포츠 과학,남원고등학교,1학년
한국사1,남원고등학교,1학년
한국사2,남원고등학교,1학년
통합사회1,남원고등학교,1학년
통합사회2,남원고등학교,1학년
통합과학1,남원고등학교,1학년
통합과학2,남원고등학교,1학년
과학탐구실험1,남원고등학교,1학년
과학탐구실험2,남원고등학교,1학년
음악,남원고등학교,1학년
미술,남원고등학교,1학년
음악,남원고등학교,1학년
미술,남원고등학교,1학년
기술·가정,남원고등학교,1학년
정보,남원고등학교,1학년
기술·가정,남원고등학교,1학년
정보,남원고등학교,1학년
공통국어1,남원서진여고등학교,1학년
공통국어2,남원서진여고등학교,1학년
공통수학1,남원서진여고등학교,1학년
공통수학2,남원서진여고등학교,1학년
공통영어1,남원서진여고등학교,1학년
공통영어2,남원서진여고등학교,1학년
체육1,남원서진여고등학교,1학년
체육2,남원서진여고등학교,1학년
미술,남원서진여고등학교,1학년
미술 창작,남원서진여고등학교,1학년
한국사1,남원서진여고등학교,1학년
한국사2,남원서진여고등학교,1학년
통합사회1,남원서진여고등학교,1학년
통합사회2,남원서진여고등학교,1학년
통합과학1,남원서진여고등학교,1학년
통합과학2,남원서진여고등학교,1학년
과학탐구실험1,남원서진여고등학교,1학년
과학탐구실험2,남원서진여고등학교,1학년
공통국어1,남원여고등학교,1학년
공통국어2,남원여고등학교,1학년
공통수학1,남원여고등학교,1학년
공통수학2,남원여고등학교,1학년
공통영어1,남원여고등학교,1학년
공통영어2,남원여고등학교,1학년
스포츠 문화,남원여고등학교,1학년
스포츠 과학,남원여고등학교,1학년
한국사1,남원여고등학교,1학년
한국사2,남원여고등학교,1학년
통합사회1,남원여고등학교,1학년
통합사회2,남원여고등학교,1학년
통합과학1,남원여고등학교,1학년
통합과학2,남원여고등학교,1학년
과학탐구실험1,남원여고등학교,1학년
과학탐구실험2,남원여고등학교,1학년
음악,남원여고등학교,1학년
미술,남원여고등학교,1학년
생애 설계와 자립,남원여고등학교,1학년
진로와 직업,남원여고등학교,1학년
음악,남원여고등학교,1학년
미술,남원여고등학교,1학년
생애 설계와 자립,남원여고등학교,1학년
진로와 직업,남원여고등학교,1학년
공통국어1,덕암고등학교,1학년
공통국어2,덕암고등학교,1학년
공통수학1,덕암고등학교,1학년
공통수학2,덕암고등학교,1학년
공통영어1,덕암고등학교,1학년
공통영어2,덕암고등학교,1학년
체육1,덕암고등학교,1학년
체육2,덕암고등학교,1학년
음악,덕암고등학교,1학년
미술,덕암고등학교,1학년
기술·가정,덕암고등학교,1학년
정보,덕암고등학교,1학년
한국사1,덕암고등학교,1학년
한국사2,덕암고등학교,1학년
통합사회1,덕암고등학교,1학년
통합사회2,덕암고등학교,1학년
통합과학1,덕암고등학교,1학년
통합과학2,덕암고등학교,1학년
과학탐구실험1,덕암고등학교,1학년
과학탐구실험2,덕암고등학교,1학년
공통국어1,동국사대부금산고등학교,1학년
공통국어2,동국사대부금산고등학교,1학년
공통수학1,동국사대부금산고등학교,1학년
공통수학2,동국사대부금산고등학교,1학년
공통영어1,동국사대부금산고등학교,1학년
공통영어2,동국사대부금산고등학교,1학년
체육1,동국사대부금산고등학교,1학년
체육2,동국사대부금산고등학교,1학년
음악,동국사대부금산고등학교,1학년
미술,동국사대부금산고등학교,1학년
한국사1,동국사대부금산고등학교,1학년
한국사2,동국사대부금산고등학교,1학년
통합사회1,동국사대부금산고등학교,1학년
통합사회2,동국사대부금산고등학교,1학년
통합과학1,동국사대부금산고등학교,1학년
통합과학2,동국사대부금산고등학교,1학년
과학탐구실험1,동국사대부금산고등학교,1학년
과학탐구실험2,동국사대부금산고등학교,1학년
공통국어1,배영고등학교,1학년
공통국어2,배영고등학교,1학년
공통수학1,배영고등학교,1학년
공통수학2,배영고등학교,1학년
공통영어1,배영고등학교,1학년
공통영어2,배영고등학교,1학년
체육1,배영고등학교,1학년
체육2,배영고등학교,1학년
음악,배영고등학교,1학년
미술,배영고등학교,1학년
중국어,배영고등학교,1학년
중국어 회화,배영고등학교,1학년
한국사1,배영고등학교,1학년
한국사2,배영고등학교,1학년
통합사회1,배영고등학교,1학년
통합사회2,배영고등학교,1학년
통합과학1,배영고등학교,1학년
통합과학2,배영고등학교,1학년
과학탐구실험1,배영고등학교,1학년
과학탐구실험2,배영고등학교,1학년
공통국어1,서영여고등학교,1학년
공통국어2,서영여고등학교,1학년
공통수학1,서영여고등학교,1학년
공통수학2,서영여고등학교,1학년
공통영어1,서영여고등학교,1학년
공통영어2,서영여고등학교,1학년
체육1,서영여고등학교,1학년
체육2,서영여고등학교,1학년
한국사1,서영여고등학교,1학년
한국사2,서영여고등학교,1학년
통합사회1,서영여고등학교,1학년
통합사회2,서영여고등학교,1학년
통합과학1,서영여고등학교,1학년
통합과학2,서영여고등학교,1학년
과학탐구실험1,서영여고등학교,1학년
과학탐구실험2,서영여고등학교,1학년
음악,서영여고등학교,1학년
미술,서영여고등학교,1학년
음악,서영여고등학교,1학년
미술,서영여고등학교,1학년
공통국어1,성원고등학교,1학년
공통국어2,성원고등학교,1학년
공통수학1,성원고등학교,1학년
공통수학2,성원고등학교,1학년
공통영어1,성원고등학교,1학년
공통영어2,성원고등학교,1학년
체육1,성원고등학교,1학년
체육2,성원고등학교,1학년
한국사1,성원고등학교,1학년
한국사2,성원고등학교,1학년
통합사회1,성원고등학교,1학년
통합사회2,성원고등학교,1학년
통합과학1,성원고등학교,1학년
통합과학2,성원고등학교,1학년
과학탐구실험1,성원고등학교,1학년
과학탐구실험2,성원고등학교,1학년
음악,성원고등학교,1학년
미술,성원고등학교,1학년
정보,성원고등학교,1학년
인공지능 기초,성원고등학교,1학년
중국어,성원고등학교,1학년
일본어,성원고등학교,1학년
음악,성원고등학교,1학년
미술,성원고등학교,1학년
정보,성원고등학교,1학년
인공지능 기초,성원고등학교,1학년
중국어,성원고등학교,1학년
일본어,성원고등학교,1학년
공통국어1,신태인고등학교,1학년
공통국어2,신태인고등학교,1학년
공통수학1,신태인고등학교,1학년
공통수학2,신태인고등학교,1학년
공통영어1,신태인고등학교,1학년
공통영어2,신태인고등학교,1학년
체육1,신태인고등학교,1학년
체육2,신태인고등학교,1학년
음악,신태인고등학교,1학년
미술,신태인고등학교,1학년
한국사1,신태인고등학교,1학년
한국사2,신태인고등학교,1학년
통합사회1,신태인고등학교,1학년
통합사회2,신태인고등학교,1학년
통합과학1,신태인고등학교,1학년
통합과학2,신태인고등학교,1학년
과학탐구실험1,신태인고등학교,1학년
과학탐구실험2,신태인고등학교,1학년
공통국어1,왕신여고등학교,1학년
공통국어2,왕신여고등학교,1학년
공통수학1,왕신여고등학교,1학년
공통수학2,왕신여고등학교,1학년
공통영어1,왕신여고등학교,1학년
공통영어2,왕신여고등학교,1학년
체육1,왕신여고등학교,1학년
체육2,왕신여고등학교,1학년
음악,왕신여고등학교,1학년
미술,왕신여고등학교,1학년
한국사1,왕신여고등학교,1학년
한국사2,왕신여고등학교,1학년
통합사회1,왕신여고등학교,1학년
통합사회2,왕신여고등학교,1학년
통합과학1,왕신여고등학교,1학년
통합과학2,왕신여고등학교,1학년
과학탐구실험1,왕신여고등학교,1학년
과학탐구실험2,왕신여고등학교,1학년
공통국어1,인상고등학교,1학년
공통국어2,인상고등학교,1학년
공통수학1,인상고등학교,1학년
공통수학2,인상고등학교,1학년
공통영어1,인상고등학교,1학년
공통영어2,인상고등학교,1학년
체육1,인상고등학교,1학년
체육2,인상고등학교,1학년
한국사1,인상고등학교,1학년
한국사2,인상고등학교,1학년
통합사회1,인상고등학교,1학년
통합사회2,인상고등학교,1학년
진로와 직업,인상고등학교,1학년
보건,인상고등학교,1학년
통합과학1,인상고등학교,1학년
통합과학2,인상고등학교,1학년
과학탐구실험1,인상고등학교,1학년
과학탐구실험2,인상고등학교,1학년
공통국어1,인월고등학교,1학년
공통국어2,인월고등학교,1학년
공통수학1,인월고등학교,1학년
공통수학2,인월고등학교,1학년
공통영어1,인월고등학교,1학년
공통영어2,인월고등학교,1학년
체육1,인월고등학교,1학년
체육2,인월고등학교,1학년
기술·가정,인월고등학교,1학년
한국사1,인월고등학교,1학년
한국사2,인월고등학교,1학년
통합사회1,인월고등학교,1학년
통합사회2,인월고등학교,1학년
진로와 직업,인월고등학교,1학년
통합과학1,인월고등학교,1학년
통합과학2,인월고등학교,1학년
과학탐구실험1,인월고등학교,1학년
과학탐구실험2,인월고등학교,1학년
음악,인월고등학교,1학년
미술,인월고등학교,1학년
공통국어1,정읍고등학교,1학년
공통국어2,정읍고등학교,1학년
공통수학1,정읍고등학교,1학년
공통수학2,정읍고등학교,1학년
공통영어1,정읍고등학교,1학년
공통영어2,정읍고등학교,1학년
체육1,정읍고등학교,1학년
체육2,정읍고등학교,1학년
미술,정읍고등학교,1학년
미술 창작,정읍고등학교,1학년
한국사1,정읍고등학교,1학년
한국사2,정읍고등학교,1학년
통합사회1,정읍고등학교,1학년
통합사회2,정읍고등학교,1학년
통합과학1,정읍고등학교,1학년
통합과학2,정읍고등학교,1학년
과학탐구실험1,정읍고등학교,1학년
과학탐구실험2,정읍고등학교,1학년
일본어,정읍고등학교,1학년
한문,정읍고등학교,1학년
일본어,정읍고등학교,1학년
한문,정읍고등학교,1학년
공통국어1,정읍여고등학교,1학년
공통국어2,정읍여고등학교,1학년
공통수학1,정읍여고등학교,1학년
공통수학2,정읍여고등학교,1학년
공통영어1,정읍여고등학교,1학년
공통영어2,정읍여고등학교,1학년
체육1,정읍여고등학교,1학년
체육2,정읍여고등학교,1학년
한국사1,정읍여고등학교,1학년
한국사2,정읍여고등학교,1학년
통합사회1,정읍여고등학교,1학년
통합사회2,정읍여고등학교,1학년
통합과학1,정읍여고등학교,1학년
통합과학2,정읍여고등학교,1학년
과학탐구실험1,정읍여고등학교,1학년
과학탐구실험2,정읍여고등학교,1학년
음악,정읍여고등학교,1학년
미술,정읍여고등학교,1학년
음악,정읍여고등학교,1학년
미술,정읍여고등학교,1학년
조형 탐구,정읍여고등학교,1학년
기술·가정,정읍여고등학교,1학년
중국어,정읍여고등학교,1학년
일본어,정읍여고등학교,1학년
기술·가정,정읍여고등학교,1학년
중국어,정읍여고등학교,1학년
일본어,정읍여고등학교,1학년
공통국어1,정주고등학교,1학년
공통국어2,정주고등학교,1학년
공통수학1,정주고등학교,1학년
공통수학2,정주고등학교,1학년
공통영어1,정주고등학교,1학년
공통영어2,정주고등학교,1학년
체육1,정주고등학교,1학년
체육2,정주고등학교,1학년
미술,정주고등학교,1학년
미술 감상과 비평,정주고등학교,1학년
한국사1,정주고등학교,1학년
한국사2,정주고등학교,1학년
통합사회1,정주고등학교,1학년
통합사회2,정주고등학교,1학년
통합과학1,정주고등학교,1학년
통합과학2,정주고등학교,1학년
과학탐구실험1,정주고등학교,1학년
과학탐구실험2,정주고등학교,1학년
인간과 철학,정주고등학교,1학년
인간과 심리,정주고등학교,1학년
진로와 직업,정주고등학교,1학년
논리와 사고,정주고등학교,1학년
독서와 작문,만경고등학교,2학년
문학,만경고등학교,2학년
대수,만경고등학교,2학년
미적분Ⅰ,만경고등학교,2학년
영어Ⅰ,만경고등학교,2학년
영어Ⅱ,만경고등학교,2학년
스포츠 생활1,만경고등학교,2학년
스포츠 생활2,만경고등학교,2학년
세계사,만경고등학교,2학년
사회와 문화,만경고등학교,2학년
현대사회와 윤리,만경고등학교,2학년
지구과학,만경고등학교,2학년
음악,만경고등학교,2학년
미술,만경고등학교,2학년
인공지능 기초,만경고등학교,2학년
중국어 회화,만경고등학교,2학년
진로와 직업,만경고등학교,2학년
보건,만경고등학교,2학년
세계사,만경고등학교,2학년
사회와 문화,만경고등학교,2학년
현대사회와 윤리,만경고등학교,2학년
생명과학,만경고등학교,2학년
음악,만경고등학교,2학년
미술,만경고등학교,2학년
인공지능 기초,만경고등학교,2학년
중국어 회화,만경고등학교,2학년
진로와 직업,만경고등학교,2학년
보건,만경고등학교,2학년
화법과 언어,만경여고등학교,2학년
독서와 작문,만경여고등학교,2학년
대수,만경여고등학교,2학년
확률과 통계,만경여고등학교,2학년
영어Ⅰ,만경여고등학교,2학년
영어Ⅱ,만경여고등학교,2학년
스포츠 생활1,만경여고등학교,2학년
스포츠 생활2,만경여고등학교,2학년
음악 연주와 창작,만경여고등학교,2학년
사회와 문화,만경여고등학교,2학년
동아시아 역사 기행,만경여고등학교,2학년
법과 사회,만경여고등학교,2학년
기술·가정,만경여고등학교,2학년
정보,만경여고등학교,2학년
인공지능 기초,만경여고등학교,2학년
인체 구조와 기능,만경여고등학교,2학년
간호의 기초,만경여고등학교,2학년
기업과 경영,만경여고등학교,2학년
세계시민과 지리,만경여고등학교,2학년
세계사,만경여고등학교,2학년
여행지리,만경여고등학교,2학년
물리학,만경여고등학교,2학년
생명과학,만경여고등학교,2학년
생물의 유전,만경여고등학교,2학년
스포츠 문화,군산중앙고등학교,2학년
스포츠 과학,군산중앙고등학교,2학년
미술,군산중앙고등학교,2학년
미술 창작,군산중앙고등학교,2학년
문학,군산중앙고등학교,2학년
대수,군산중앙고등학교,2학년
영어Ⅰ,군산중앙고등학교,2학년
정보,군산중앙고등학교,2학년
중국어,군산중앙고등학교,2학년
일본어,군산중앙고등학교,2학년
세계시민과 지리,군산중앙고등학교,2학년
사회와 문화,군산중앙고등학교,2학년
현대사회와 윤리,군산중앙고등학교,2학년
경제,군산중앙고등학교,2학년
생태와 환경,군산중앙고등학교,2학년
물리학,군산중앙고등학교,2학년
화학,군산중앙고등학교,2학년
생명과학,군산중앙고등학교,2학년
지구과학,군산중앙고등학교,2학년
주제 탐구 독서,군산중앙고등학교,2학년
기하,군산중앙고등학교,2학년
실생활 영어 회화,군산중앙고등학교,2학년
음악 연주와 창작,군산중앙고등학교,2학년
사회문제 탐구,군산중앙고등학교,2학년
기후변화와 지속가능한 세계,군산중앙고등학교,2학년
인간과 심리,군산중앙고등학교,2학년
보건,군산중앙고등학교,2학년
과학의 역사와 문화,군산중앙고등학교,2학년
융합과학 탐구,군산중앙고등학교,2학년
화법과 언어,군산중앙고등학교,2학년
독서와 작문,군산중앙고등학교,2학년
미적분Ⅰ,군산중앙고등학교,2학년
확률과 통계,군산중앙고등학교,2학년
영어Ⅱ,군산중앙고등학교,2학년
정보,군산중앙고등학교,2학년
중국어,군산중앙고등학교,2학년
일본어,군산중앙고등학교,2학년
한국지리 탐구,군산중앙고등학교,2학년
법과 사회,군산중앙고등학교,2학년
경제,군산중앙고등학교,2학년
인문학과 윤리,군산중앙고등학교,2학년
생태와 환경,군산중앙고등학교,2학년
물리학,군산중앙고등학교,2학년
화학,군산중앙고등학교,2학년
생명과학,군산중앙고등학교,2학년
지구과학,군산중앙고등학교,2학년
역학과 에너지,군산중앙고등학교,2학년
물질과 에너지,군산중앙고등학교,2학년
세포와 물질대사,군산중앙고등학교,2학년
지구시스템과학,군산중앙고등학교,2학년
주제 탐구 독서,군산중앙고등학교,2학년
기하,군산중앙고등학교,2학년
세계 문화와 영어,군산중앙고등학교,2학년
음악 연주와 창작,군산중앙고등학교,2학년
사회문제 탐구,군산중앙고등학교,2학년
기후변화와 지속가능한 세계,군산중앙고등학교,2학년
인간과 심리,군산중앙고등학교,2학년
보건,군산중앙고등학교,2학년
과학의 역사와 문화,군산중앙고등학교,2학년
융합과학 탐구,군산중앙고등학교,2학년
독서와 작문,김제고등학교,2학년
문학,김제고등학교,2학년
대수,김제고등학교,2학년
미적분Ⅰ,김제고등학교,2학년
확률과 통계,김제고등학교,2학년
영어Ⅰ,김제고등학교,2학년
영어Ⅱ,김제고등학교,2학년
운동과 건강,김제고등학교,2학년
스포츠 생활1,김제고등학교,2학년
음악 감상과 비평,김제고등학교,2학년
미술 감상과 비평,김제고등학교,2학년
세계시민과 지리,김제고등학교,2학년
세계사,김제고등학교,2학년
사회와 문화,김제고등학교,2학년
물리학,김제고등학교,2학년
화학,김제고등학교,2학년
생명과학,김제고등학교,2학년
지구과학,김제고등학교,2학년
한국지리 탐구,김제고등학교,2학년
동아시아 역사 기행,김제고등학교,2학년
법과 사회,김제고등학교,2학년
역학과 에너지,김제고등학교,2학년
물질과 에너지,김제고등학교,2학년
세포와 물질대사,김제고등학교,2학년
지구시스템과학,김제고등학교,2학년
기술·가정,김제고등학교,2학년
정보,김제고등학교,2학년
화법과 언어,김제서고등학교,2학년
독서와 작문,김제서고등학교,2학년
대수,김제서고등학교,2학년
미적분Ⅰ,김제서고등학교,2학년
영어Ⅰ,김제서고등학교,2학년
영어Ⅱ,김제서고등학교,2학년
운동과 건강,김제서고등학교,2학년
스포츠 생활1,김제서고등학교,2학년
음악 감상과 비평,김제서고등학교,2학년
음악과 미디어,김제서고등학교,2학년
한문,김제서고등학교,2학년
한문 고전 읽기,김제서고등학교,2학년
세계시민과 지리,김제서고등학교,2학년
세계사,김제서고등학교,2학년
사회와 문화,김제서고등학교,2학년
현대사회와 윤리,김제서고등학교,2학년
물리학,김제서고등학교,2학년
화학,김제서고등학교,2학년
생명과학,김제서고등학교,2학년
지구과학,김제서고등학교,2학년
동아시아 역사 기행,김제서고등학교,2학년
정치,김제서고등학교,2학년
법과 사회,김제서고등학교,2학년
윤리와 사상,김제서고등학교,2학년
물질과 에너지,김제서고등학교,2학년
세포와 물질대사,김제서고등학교,2학년
생물의 유전,김제서고등학교,2학년
행성우주과학,김제서고등학교,2학년
스포츠 문화,김제여고등학교,2학년
스포츠 과학,김제여고등학교,2학년
문학,김제여고등학교,2학년
주제 탐구 독서,김제여고등학교,2학년
대수,김제여고등학교,2학년
확률과 통계,김제여고등학교,2학년
영어Ⅰ,김제여고등학교,2학년
영미 문학 읽기,김제여고등학교,2학년
음악 감상과 비평,김제여고등학교,2학년
기술·가정,김제여고등학교,2학년
중국어,김제여고등학교,2학년
일본어,김제여고등학교,2학년
한문,김제여고등학교,2학년
세계사,김제여고등학교,2학년
사회와 문화,김제여고등학교,2학년
현대사회와 윤리,김제여고등학교,2학년
경제,김제여고등학교,2학년
화학,김제여고등학교,2학년
생명과학,김제여고등학교,2학년
지구과학,김제여고등학교,2학년
창업 일반,김제여고등학교,2학년
독서와 작문,김제여고등학교,2학년
주제 탐구 독서,김제여고등학교,2학년
미적분Ⅰ,김제여고등학교,2학년
기하,김제여고등학교,2학년
영어Ⅱ,김제여고등학교,2학년
영어 독해와 작문,김제여고등학교,2학년
미술 감상과 비평,김제여고등학교,2학년
기술·가정,김제여고등학교,2학년
중국어,김제여고등학교,2학년
일본어,김제여고등학교,2학년
한문,김제여고등학교,2학년
세계사,김제여고등학교,2학년
사회와 문화,김제여고등학교,2학년
현대사회와 윤리,김제여고등학교,2학년
한국지리 탐구,김제여고등학교,2학년
생태와 환경,김제여고등학교,2학년
물리학,김제여고등학교,2학년
화학,김제여고등학교,2학년
생명과학,김제여고등학교,2학년
지구과학,김제여고등학교,2학년
화학 실험,김제여고등학교,2학년
생명과학 실험,김제여고등학교,2학년
체육1,남원고등학교,2학년
체육2,남원고등학교,2학년
생활과학 탐구,남원고등학교,2학년
중국어,남원고등학교,2학년
일본어,남원고등학교,2학년
한문,남원고등학교,2학년
로봇과 공학세계,남원고등학교,2학년
한문 고전 읽기,남원고등학교,2학년
심화 중국어,남원고등학교,2학년
심화 일본어,남원고등학교,2학년
문학,남원고등학교,2학년
대수,남원고등학교,2학년
영어Ⅰ,남원고등학교,2학년
세계시민과 지리,남원고등학교,2학년
사회와 문화,남원고등학교,2학년
현대사회와 윤리,남원고등학교,2학년
동아시아 역사 기행,남원고등학교,2학년
물리학,남원고등학교,2학년
화학,남원고등학교,2학년
생명과학,남원고등학교,2학년
지구과학,남원고등학교,2학년
화법과 언어,남원고등학교,2학년
주제 탐구 독서,남원고등학교,2학년
미적분Ⅰ,남원고등학교,2학년
기하,남원고등학교,2학년
영어Ⅱ,남원고등학교,2학년
한국지리 탐구,남원고등학교,2학년
정치,남원고등학교,2학년
법과 사회,남원고등학교,2학년
윤리와 사상,남원고등학교,2학년
역사로 탐구하는 현대 세계,남원고등학교,2학년
전자기와 양자,남원고등학교,2학년
물질과 에너지,남원고등학교,2학년
세포와 물질대사,남원고등학교,2학년
지구시스템과학,남원고등학교,2학년
독서와 작문,남원서진여고등학교,2학년
문학,남원서진여고등학교,2학년
대수,남원서진여고등학교,2학년
미적분Ⅰ,남원서진여고등학교,2학년
영어Ⅰ,남원서진여고등학교,2학년
영어Ⅱ,남원서진여고등학교,2학년
스포츠 문화,남원서진여고등학교,2학년
스포츠 과학,남원서진여고등학교,2학년
음악,남원서진여고등학교,2학년
음악 감상과 비평,남원서진여고등학교,2학년
정보,남원서진여고등학교,2학년
인공지능 기초,남원서진여고등학교,2학년
세계시민과 지리,남원서진여고등학교,2학년
세계사,남원서진여고등학교,2학년
사회와 문화,남원서진여고등학교,2학년
현대사회와 윤리,남원서진여고등학교,2학년
경제,남원서진여고등학교,2학년
윤리와 사상,남원서진여고등학교,2학년
물리학,남원서진여고등학교,2학년
화학,남원서진여고등학교,2학년
생명과학,남원서진여고등학교,2학년
지구과학,남원서진여고등학교,2학년
세계시민과 지리,남원서진여고등학교,2학년
세계사,남원서진여고등학교,2학년
사회와 문화,남원서진여고등학교,2학년
현대사회와 윤리,남원서진여고등학교,2학년
경제,남원서진여고등학교,2학년
윤리와 사상,남원서진여고등학교,2학년
물리학,남원서진여고등학교,2학년
역학과 에너지,남원서진여고등학교,2학년
물질과 에너지,남원서진여고등학교,2학년
세포와 물질대사,남원서진여고등학교,2학년
지구시스템과학,남원서진여고등학교,2학년
화법과 언어,남원여고등학교,2학년
문학,남원여고등학교,2학년
대수,남원여고등학교,2학년
미적분Ⅰ,남원여고등학교,2학년
영어Ⅰ,남원여고등학교,2학년
영어Ⅱ,남원여고등학교,2학년
체육1,남원여고등학교,2학년
체육2,남원여고등학교,2학년
세계시민과 지리,남원여고등학교,2학년
세계사,남원여고등학교,2학년
사회와 문화,남원여고등학교,2학년
현대사회와 윤리,남원여고등학교,2학년
정치,남원여고등학교,2학년
물리학,남원여고등학교,2학년
화학,남원여고등학교,2학년
생명과학,남원여고등학교,2학년
지구과학,남원여고등학교,2학년
한국지리 탐구,남원여고등학교,2학년
동아시아 역사 기행,남원여고등학교,2학년
법과 사회,남원여고등학교,2학년
경제,남원여고등학교,2학년
윤리와 사상,남원여고등학교,2학년
역학과 에너지,남원여고등학교,2학년
물질과 에너지,남원여고등학교,2학년
세포와 물질대사,남원여고등학교,2학년
지구시스템과학,남원여고등학교,2학년
과학의 역사와 문화,남원여고등학교,2학년
음악 연주와 창작,남원여고등학교,2학년
미술 창작,남원여고등학교,2학년
기술·가정,남원여고등학교,2학년
정보,남원여고등학교,2학년
중국어,남원여고등학교,2학년
일본어,남원여고등학교,2학년
음악 연주와 창작,남원여고등학교,2학년
미술 창작,남원여고등학교,2학년
기술·가정,남원여고등학교,2학년
정보,남원여고등학교,2학년
중국어,남원여고등학교,2학년
일본어,남원여고등학교,2학년
스포츠 문화,덕암고등학교,2학년
스포츠 과학,덕암고등학교,2학년
중국어,덕암고등학교,2학년
일본어,덕암고등학교,2학년
독서와 작문,덕암고등학교,2학년
대수,덕암고등학교,2학년
기하,덕암고등학교,2학년
수학과제 탐구,덕암고등학교,2학년
영어Ⅰ,덕암고등학교,2학년
세계시민과 지리,덕암고등학교,2학년
세계사,덕암고등학교,2학년
사회와 문화,덕암고등학교,2학년
현대사회와 윤리,덕암고등학교,2학년
물리학,덕암고등학교,2학년
화학,덕암고등학교,2학년
생명과학,덕암고등학교,2학년
지구과학,덕암고등학교,2학년
주제 탐구 독서,덕암고등학교,2학년
영어 발표와 토론,덕암고등학교,2학년
문학,덕암고등학교,2학년
미적분Ⅰ,덕암고등학교,2학년
확률과 통계,덕암고등학교,2학년
영어Ⅱ,덕암고등학교,2학년
한국지리 탐구,덕암고등학교,2학년
동아시아 역사 기행,덕암고등학교,2학년
정치,덕암고등학교,2학년
법과 사회,덕암고등학교,2학년
윤리와 사상,덕암고등학교,2학년
물리학,덕암고등학교,2학년
화학,덕암고등학교,2학년
생명과학,덕암고등학교,2학년
지구과학,덕암고등학교,2학년
운동과 건강,동국사대부금산고등학교,2학년
스포츠 생활1,동국사대부금산고등학교,2학년
음악 감상과 비평,동국사대부금산고등학교,2학년
미술 감상과 비평,동국사대부금산고등학교,2학년
문학,동국사대부금산고등학교,2학년
문학과 영상,동국사대부금산고등학교,2학년
미적분Ⅰ,동국사대부금산고등학교,2학년
경제 수학,동국사대부금산고등학교,2학년
영어Ⅰ,동국사대부금산고등학교,2학년
영어 독해와 작문,동국사대부금산고등학교,2학년
기하,동국사대부금산고등학교,2학년
실생활 영어 회화,동국사대부금산고등학교,2학년
세계시민과 지리,동국사대부금산고등학교,2학년
세계사,동국사대부금산고등학교,2학년
사회와 문화,동국사대부금산고등학교,2학년
경제,동국사대부금산고등학교,2학년
인문학과 윤리,동국사대부금산고등학교,2학년
물리학,동국사대부금산고등학교,2학년
화학,동국사대부금산고등학교,2학년
생명과학,동국사대부금산고등학교,2학년
지구과학,동국사대부금산고등학교,2학년
화법과 언어,동국사대부금산고등학교,2학년
독서 토론과 글쓰기,동국사대부금산고등학교,2학년
대수,동국사대부금산고등학교,2학년
인공지능 수학,동국사대부금산고등학교,2학년
영어Ⅱ,동국사대부금산고등학교,2학년
영미 문학 읽기,동국사대부금산고등학교,2학년
미적분Ⅱ,동국사대부금산고등학교,2학년
세계 문화와 영어,동국사대부금산고등학교,2학년
현대사회와 윤리,동국사대부금산고등학교,2학년
한국지리 탐구,동국사대부금산고등학교,2학년
동아시아 역사 기행,동국사대부금산고등학교,2학년
정치,동국사대부금산고등학교,2학년
역학과 에너지,동국사대부금산고등학교,2학년
물질과 에너지,동국사대부금산고등학교,2학년
세포와 물질대사,동국사대부금산고등학교,2학년
지구시스템과학,동국사대부금산고등학교,2학년
화법과 언어,배영고등학교,2학년
문학,배영고등학교,2학년
대수,배영고등학교,2학년
미적분Ⅰ,배영고등학교,2학년
영어Ⅰ,배영고등학교,2학년
영어Ⅱ,배영고등학교,2학년
운동과 건강,배영고등학교,2학년
스포츠 문화,배영고등학교,2학년
음악 감상과 비평,배영고등학교,2학년
미술과 매체,배영고등학교,2학년
사회와 문화,배영고등학교,2학년
현대사회와 윤리,배영고등학교,2학년
물리학,배영고등학교,2학년
화학,배영고등학교,2학년
생명과학,배영고등학교,2학년
융합과학 탐구,배영고등학교,2학년
경제,배영고등학교,2학년
사회문제 탐구,배영고등학교,2학년
역학과 에너지,배영고등학교,2학년
화학 반응의 세계,배영고등학교,2학년
생물의 유전,배영고등학교,2학년
과학의 역사와 문화,배영고등학교,2학년
화법과 언어,서영여고등학교,2학년
문학,서영여고등학교,2학년
대수,서영여고등학교,2학년
미적분Ⅰ,서영여고등학교,2학년
영어Ⅰ,서영여고등학교,2학년
영어Ⅱ,서영여고등학교,2학년
스포츠 문화,서영여고등학교,2학년
스포츠 과학,서영여고등학교,2학년
세계시민과 지리,서영여고등학교,2학년
세계사,서영여고등학교,2학년
사회와 문화,서영여고등학교,2학년
현대사회와 윤리,서영여고등학교,2학년
물리학,서영여고등학교,2학년
화학,서영여고등학교,2학년
생명과학,서영여고등학교,2학년
지구과학,서영여고등학교,2학년
한국지리 탐구,서영여고등학교,2학년
동아시아 역사 기행,서영여고등학교,2학년
정치,서영여고등학교,2학년
윤리와 사상,서영여고등학교,2학년
물리학,서영여고등학교,2학년
화학,서영여고등학교,2학년
생명과학,서영여고등학교,2학년
지구과학,서영여고등학교,2학년
역학과 에너지,서영여고등학교,2학년
물질과 에너지,서영여고등학교,2학년
세포와 물질대사,서영여고등학교,2학년
지구시스템과학,서영여고등학교,2학년
확률과 통계,서영여고등학교,2학년
인공지능 수학,서영여고등학교,2학년
직무 수학,서영여고등학교,2학년
정보,서영여고등학교,2학년
중국어,서영여고등학교,2학년
일본어,서영여고등학교,2학년
한문,서영여고등학교,2학년
기하,서영여고등학교,2학년
경제 수학,서영여고등학교,2학년
인공지능 기초,서영여고등학교,2학년
소프트웨어와 생활,서영여고등학교,2학년
중국어 회화,서영여고등학교,2학년
일본어 회화,서영여고등학교,2학년
한문 고전 읽기,서영여고등학교,2학년
언어생활과 한자,서영여고등학교,2학년
중국 문화,서영여고등학교,2학년
일본 문화,서영여고등학교,2학년
스포츠 생활1,성원고등학교,2학년
스포츠 생활2,성원고등학교,2학년
화법과 언어,성원고등학교,2학년
문학,성원고등학교,2학년
대수,성원고등학교,2학년
영어Ⅰ,성원고등학교,2학년
중국 문화,성원고등학교,2학년
일본 문화,성원고등학교,2학년
음악 감상과 비평,성원고등학교,2학년
미술 창작,성원고등학교,2학년
화법과 언어,성원고등학교,2학년
문학,성원고등학교,2학년
미적분Ⅰ,성원고등학교,2학년
확률과 통계,성원고등학교,2학년
영어Ⅱ,성원고등학교,2학년
중국 문화,성원고등학교,2학년
일본 문화,성원고등학교,2학년
음악 감상과 비평,성원고등학교,2학년
미술 창작,성원고등학교,2학년
세계시민과 지리,성원고등학교,2학년
세계사,성원고등학교,2학년
사회와 문화,성원고등학교,2학년
현대사회와 윤리,성원고등학교,2학년
경제,성원고등학교,2학년
물리학,성원고등학교,2학년
화학,성원고등학교,2학년
생명과학,성원고등학교,2학년
지구과학,성원고등학교,2학년
세계시민과 지리,성원고등학교,2학년
세계사,성원고등학교,2학년
사회와 문화,성원고등학교,2학년
현대사회와 윤리,성원고등학교,2학년
경제,성원고등학교,2학년
물리학,성원고등학교,2학년
화학,성원고등학교,2학년
생명과학,성원고등학교,2학년
지구과학,성원고등학교,2학년
화법과 언어,신태인고등학교,2학년
문학,신태인고등학교,2학년
대수,신태인고등학교,2학년
미적분Ⅰ,신태인고등학교,2학년
영어Ⅰ,신태인고등학교,2학년
영어Ⅱ,신태인고등학교,2학년
운동과 건강,신태인고등학교,2학년
스포츠 생활1,신태인고등학교,2학년
물리학,신태인고등학교,2학년
화학,신태인고등학교,2학년
생명과학,신태인고등학교,2학년
지구과학,신태인고등학교,2학년
세계사,신태인고등학교,2학년
사회와 문화,신태인고등학교,2학년
동아시아 역사 기행,신태인고등학교,2학년
정치,신태인고등학교,2학년
법과 사회,신태인고등학교,2학년
세계사,신태인고등학교,2학년
사회와 문화,신태인고등학교,2학년
동아시아 역사 기행,신태인고등학교,2학년
정치,신태인고등학교,2학년
법과 사회,신태인고등학교,2학년
한문,신태인고등학교,2학년
진로와 직업,신태인고등학교,2학년
생태와 환경,신태인고등학교,2학년
인간과 철학,신태인고등학교,2학년
보건,신태인고등학교,2학년
물리학,신태인고등학교,2학년
화학,신태인고등학교,2학년
생명과학,신태인고등학교,2학년
지구과학,신태인고등학교,2학년
역학과 에너지,신태인고등학교,2학년
화학 반응의 세계,신태인고등학교,2학년
세포와 물질대사,신태인고등학교,2학년
행성우주과학,신태인고등학교,2학년
현대사회와 윤리,신태인고등학교,2학년
동아시아 역사 기행,신태인고등학교,2학년
정치,신태인고등학교,2학년
윤리와 사상,신태인고등학교,2학년
인문학과 윤리,신태인고등학교,2학년
국제 관계의 이해,신태인고등학교,2학년
사회문제 탐구,신태인고등학교,2학년
한문,신태인고등학교,2학년
진로와 직업,신태인고등학교,2학년
생태와 환경,신태인고등학교,2학년
독서와 작문,왕신여고등학교,2학년
문학,왕신여고등학교,2학년
대수,왕신여고등학교,2학년
미적분Ⅰ,왕신여고등학교,2학년
영어Ⅰ,왕신여고등학교,2학년
영어Ⅱ,왕신여고등학교,2학년
스포츠 문화,왕신여고등학교,2학년
스포츠 과학,왕신여고등학교,2학년
진로와 직업,왕신여고등학교,2학년
보건,왕신여고등학교,2학년
기술·가정,왕신여고등학교,2학년
로봇과 공학세계,왕신여고등학교,2학년
생활과학 탐구,왕신여고등학교,2학년
창의 공학 설계,왕신여고등학교,2학년
아동발달과 부모,왕신여고등학교,2학년
한문,왕신여고등학교,2학년
세계시민과 지리,왕신여고등학교,2학년
사회와 문화,왕신여고등학교,2학년
현대사회와 윤리,왕신여고등학교,2학년
법과 사회,왕신여고등학교,2학년
경제,왕신여고등학교,2학년
국제 관계의 이해,왕신여고등학교,2학년
물리학,왕신여고등학교,2학년
화학,왕신여고등학교,2학년
생명과학,왕신여고등학교,2학년
지구과학,왕신여고등학교,2학년
진로와 직업,왕신여고등학교,2학년
보건,왕신여고등학교,2학년
한국지리 탐구,왕신여고등학교,2학년
정치,왕신여고등학교,2학년
윤리와 사상,왕신여고등학교,2학년
물리학,왕신여고등학교,2학년
화학,왕신여고등학교,2학년
생명과학,왕신여고등학교,2학년
지구과학,왕신여고등학교,2학년
정보,왕신여고등학교,2학년
인공지능 기초,왕신여고등학교,2학년
데이터 과학,왕신여고등학교,2학년
소프트웨어와 생활,왕신여고등학교,2학년
한문 고전 읽기,왕신여고등학교,2학년
언어생활과 한자,왕신여고등학교,2학년
독서와 작문,인상고등학교,2학년
문학,인상고등학교,2학년
대수,인상고등학교,2학년
미적분Ⅰ,인상고등학교,2학년
영어Ⅰ,인상고등학교,2학년
심화 영어,인상고등학교,2학년
운동과 건강,인상고등학교,2학년
스포츠 과학,인상고등학교,2학년
한문,인상고등학교,2학년
한문 고전 읽기,인상고등학교,2학년
현대사회와 윤리,인상고등학교,2학년
생명과학,인상고등학교,2학년
윤리와 사상,인상고등학교,2학년
세포와 물질대사,인상고등학교,2학년
물리학,인상고등학교,2학년
화학,인상고등학교,2학년
지구과학,인상고등학교,2학년
역학과 에너지,인상고등학교,2학년
물질과 에너지,인상고등학교,2학년
지구시스템과학,인상고등학교,2학년
음악,인상고등학교,2학년
미술,인상고등학교,2학년
음악 연주와 창작,인상고등학교,2학년
미술 창작,인상고등학교,2학년
화법과 언어,인월고등학교,2학년
문학,인월고등학교,2학년
대수,인월고등학교,2학년
미적분Ⅰ,인월고등학교,2학년
영어Ⅰ,인월고등학교,2학년
영어Ⅱ,인월고등학교,2학년
운동과 건강,인월고등학교,2학년
스포츠 생활1,인월고등학교,2학년
영어 독해와 작문,인월고등학교,2학년
세계시민과 지리,인월고등학교,2학년
세계사,인월고등학교,2학년
사회와 문화,인월고등학교,2학년
현대사회와 윤리,인월고등학교,2학년
물리학,인월고등학교,2학년
화학,인월고등학교,2학년
생명과학,인월고등학교,2학년
지구과학,인월고등학교,2학년
주제 탐구 독서,인월고등학교,2학년
미적분Ⅱ,인월고등학교,2학년
영어 독해와 작문,인월고등학교,2학년
영미 문학 읽기,인월고등학교,2학년
세계시민과 지리,인월고등학교,2학년
세계사,인월고등학교,2학년
사회와 문화,인월고등학교,2학년
현대사회와 윤리,인월고등학교,2학년
동아시아 역사 기행,인월고등학교,2학년
법과 사회,인월고등학교,2학년
경제,인월고등학교,2학년
윤리와 사상,인월고등학교,2학년
물리학,인월고등학교,2학년
화학,인월고등학교,2학년
생명과학,인월고등학교,2학년
지구과학,인월고등학교,2학년
물질과 에너지,인월고등학교,2학년
화학 반응의 세계,인월고등학교,2학년
지구시스템과학,인월고등학교,2학년
행성우주과학,인월고등학교,2학년
음악 감상과 비평,인월고등학교,2학년
미술 감상과 비평,인월고등학교,2학년
로봇과 공학세계,인월고등학교,2학년
생활과학 탐구,인월고등학교,2학년
정보,인월고등학교,2학년
중국어,인월고등학교,2학년
일본어,인월고등학교,2학년
인간과 심리,인월고등학교,2학년
교육의 이해,인월고등학교,2학년
음악 연주와 창작,인월고등학교,2학년
미술 창작,인월고등학교,2학년
지식 재산 일반,인월고등학교,2학년
아동발달과 부모,인월고등학교,2학년
인공지능 기초,인월고등학교,2학년
중국어 회화,인월고등학교,2학년
일본어 회화,인월고등학교,2학년
인간과 심리,인월고등학교,2학년
교육의 이해,인월고등학교,2학년
독서와 작문,정읍고등학교,2학년
문학,정읍고등학교,2학년
대수,정읍고등학교,2학년
미적분Ⅰ,정읍고등학교,2학년
영어Ⅰ,정읍고등학교,2학년
영어Ⅱ,정읍고등학교,2학년
스포츠 생활1,정읍고등학교,2학년
스포츠 생활2,정읍고등학교,2학년
음악,정읍고등학교,2학년
미술 감상과 비평,정읍고등학교,2학년
일본어 회화,정읍고등학교,2학년
언어생활과 한자,정읍고등학교,2학년
세계시민과 지리,정읍고등학교,2학년
세계사,정읍고등학교,2학년
사회와 문화,정읍고등학교,2학년
현대사회와 윤리,정읍고등학교,2학년
인간과 심리,정읍고등학교,2학년
보건,정읍고등학교,2학년
논술,정읍고등학교,2학년
물리학,정읍고등학교,2학년
화학,정읍고등학교,2학년
생명과학,정읍고등학교,2학년
지구과학,정읍고등학교,2학년
기하,정읍고등학교,2학년
음악,정읍고등학교,2학년
미술 감상과 비평,정읍고등학교,2학년
일본어 회화,정읍고등학교,2학년
언어생활과 한자,정읍고등학교,2학년
세계시민과 지리,정읍고등학교,2학년
세계사,정읍고등학교,2학년
사회와 문화,정읍고등학교,2학년
현대사회와 윤리,정읍고등학교,2학년
인간과 심리,정읍고등학교,2학년
보건,정읍고등학교,2학년
논술,정읍고등학교,2학년
물리학,정읍고등학교,2학년
화학,정읍고등학교,2학년
생명과학,정읍고등학교,2학년
지구과학,정읍고등학교,2학년
화법과 언어,정읍여고등학교,2학년
문학,정읍여고등학교,2학년
대수,정읍여고등학교,2학년
미적분Ⅰ,정읍여고등학교,2학년
영어Ⅰ,정읍여고등학교,2학년
영어Ⅱ,정읍여고등학교,2학년
운동과 건강,정읍여고등학교,2학년
스포츠 생활1,정읍여고등학교,2학년
진로와 직업,정읍여고등학교,2학년
문학과 영상,정읍여고등학교,2학년
기하,정읍여고등학교,2학년
영어 독해와 작문,정읍여고등학교,2학년
미술사,정읍여고등학교,2학년
미술과 사회,정읍여고등학교,2학년
음악 연주와 창작,정읍여고등학교,2학년
미술 창작,정읍여고등학교,2학년
음악 연주와 창작,정읍여고등학교,2학년
미술 창작,정읍여고등학교,2학년
세계사,정읍여고등학교,2학년
현대사회와 윤리,정읍여고등학교,2학년
한국지리 탐구,정읍여고등학교,2학년
정치,정읍여고등학교,2학년
법과 사회,정읍여고등학교,2학년
물리학,정읍여고등학교,2학년
생명과학,정읍여고등학교,2학년
융합과학 탐구,정읍여고등학교,2학년
드로잉,정읍여고등학교,2학년
세계시민과 지리,정읍여고등학교,2학년
사회와 문화,정읍여고등학교,2학년
동아시아 역사 기행,정읍여고등학교,2학년
경제,정읍여고등학교,2학년
인문학과 윤리,정읍여고등학교,2학년
화학,정읍여고등학교,2학년
지구과학,정읍여고등학교,2학년
역학과 에너지,정읍여고등학교,2학년
세포와 물질대사,정읍여고등학교,2학년
인간과 심리,정읍여고등학교,2학년
보건,정읍여고등학교,2학년
인간과 경제활동,정읍여고등학교,2학년
운동과 건강,정주고등학교,2학년
스포츠 생활1,정주고등학교,2학년
음악,정주고등학교,2학년
음악 감상과 비평,정주고등학교,2학년
문학,정주고등학교,2학년
대수,정주고등학교,2학년
영어Ⅰ,정주고등학교,2학년
세계시민과 지리,정주고등학교,2학년
사회와 문화,정주고등학교,2학년
현대사회와 윤리,정주고등학교,2학년
물리학,정주고등학교,2학년
화학,정주고등학교,2학년
생명과학,정주고등학교,2학년
지구과학,정주고등학교,2학년
화법과 언어,정주고등학교,2학년
미적분Ⅰ,정주고등학교,2학년
영어Ⅱ,정주고등학교,2학년
세계시민과 지리,정주고등학교,2학년
사회와 문화,정주고등학교,2학년
현대사회와 윤리,정주고등학교,2학년
정치,정주고등학교,2학년
법과 사회,정주고등학교,2학년
윤리와 사상,정주고등학교,2학년
물리학,정주고등학교,2학년
화학,정주고등학교,2학년
생명과학,정주고등학교,2학년
지구과학,정주고등학교,2학년
기술·가정,정주고등학교,2학년
중국어,정주고등학교,2학년
일본어,정주고등학교,2학년
한문,정주고등학교,2학년
아동발달과 부모,정주고등학교,2학년
중국어 회화,정주고등학교,2학년
한문 고전 읽기,정주고등학교,2학년
일본 문화,정주고등학교,2학년
스포츠 문화,만경고등학교,3학년
스포츠 과학,만경고등학교,3학년
화법과 언어,만경고등학교,3학년
문학과 영상,만경고등학교,3학년
확률과 통계,만경고등학교,3학년
기하,만경고등학교,3학년
영어 독해와 작문,만경고등학교,3학년
심화 영어,만경고등학교,3학년
언어생활 탐구,만경고등학교,3학년
미적분Ⅱ,만경고등학교,3학년
실생활 영어 회화,만경고등학교,3학년
중국 문화,만경고등학교,3학년
동아시아 역사 기행,만경고등학교,3학년
법과 사회,만경고등학교,3학년
윤리와 사상,만경고등학교,3학년
세포와 물질대사,만경고등학교,3학년
운동과 건강,만경고등학교,3학년
음악 감상과 비평,만경고등학교,3학년
소프트웨어와 생활,만경고등학교,3학년
심화 중국어,만경고등학교,3학년
주제 탐구 독서,만경고등학교,3학년
직무 의사소통,만경고등학교,3학년
경제 수학,만경고등학교,3학년
인공지능 수학,만경고등학교,3학년
영미 문학 읽기,만경고등학교,3학년
직무 영어,만경고등학교,3학년
언어생활 탐구,만경고등학교,3학년
수학과 문화,만경고등학교,3학년
실생활 영어 회화,만경고등학교,3학년
데이터 과학,만경고등학교,3학년
인문학과 윤리,만경고등학교,3학년
역사로 탐구하는 현대 세계,만경고등학교,3학년
사회문제 탐구,만경고등학교,3학년
지구시스템과학,만경고등학교,3학년
운동과 건강,만경고등학교,3학년
음악 연주와 창작,만경고등학교,3학년
소프트웨어와 생활,만경고등학교,3학년
심화 중국어,만경고등학교,3학년
문학,만경여고등학교,3학년
직무 의사소통,만경여고등학교,3학년
미적분Ⅰ,만경여고등학교,3학년
수학과제 탐구,만경여고등학교,3학년
영어 독해와 작문,만경여고등학교,3학년
실생활 영어 회화,만경여고등학교,3학년
스포츠 문화,만경여고등학교,3학년
스포츠 과학,만경여고등학교,3학년
음악 감상과 비평,만경여고등학교,3학년
음악과 미디어,만경여고등학교,3학년
정치,만경여고등학교,3학년
경제,만경여고등학교,3학년
진로와 직업,만경여고등학교,3학년
논술,만경여고등학교,3학년
과학의 역사와 문화,만경여고등학교,3학년
융합과학 탐구,만경여고등학교,3학년
인체 구조와 기능,만경여고등학교,3학년
윤리와 사상,만경여고등학교,3학년
인문학과 윤리,만경여고등학교,3학년
윤리문제 탐구,만경여고등학교,3학년
기초 간호 임상 실무,만경여고등학교,3학년
보건 의료 법규,만경여고등학교,3학년
영유아 건강⋅안전⋅영양 지도,만경여고등학교,3학년
프랑스어,만경여고등학교,3학년
중국어,만경여고등학교,3학년
일본어,만경여고등학교,3학년
인간과 철학,만경여고등학교,3학년
인간과 심리,만경여고등학교,3학년
교육의 이해,만경여고등학교,3학년
운동과 건강,군산중앙고등학교,3학년
스포츠 생활1,군산중앙고등학교,3학년
화법과 언어,군산중앙고등학교,3학년
독서와 작문,군산중앙고등학교,3학년
확률과 통계,군산중앙고등학교,3학년
미적분Ⅱ,군산중앙고등학교,3학년
인공지능 수학,군산중앙고등학교,3학년
영어 독해와 작문,군산중앙고등학교,3학년
영미 문학 읽기,군산중앙고등학교,3학년
중국어 회화,군산중앙고등학교,3학년
일본어 회화,군산중앙고등학교,3학년
세계사,군산중앙고등학교,3학년
윤리문제 탐구,군산중앙고등학교,3학년
논술,군산중앙고등학교,3학년
역학과 에너지,군산중앙고등학교,3학년
전자기와 양자,군산중앙고등학교,3학년
물질과 에너지,군산중앙고등학교,3학년
화학 반응의 세계,군산중앙고등학교,3학년
세포와 물질대사,군산중앙고등학교,3학년
생물의 유전,군산중앙고등학교,3학년
지구시스템과학,군산중앙고등학교,3학년
행성우주과학,군산중앙고등학교,3학년
환경 기술,군산중앙고등학교,3학년
언어생활 탐구,군산중앙고등학교,3학년
경제 수학,군산중앙고등학교,3학년
영어 발표와 토론,군산중앙고등학교,3학년
인공지능 기초,군산중앙고등학교,3학년
도시의 미래 탐구,군산중앙고등학교,3학년
동아시아 역사 기행,군산중앙고등학교,3학년
국제 관계의 이해,군산중앙고등학교,3학년
진로와 직업,군산중앙고등학교,3학년
교육의 이해,군산중앙고등학교,3학년
인간과 경제활동,군산중앙고등학교,3학년
기후변화와 환경생태,군산중앙고등학교,3학년
문학과 영상,군산중앙고등학교,3학년
독서 토론과 글쓰기,군산중앙고등학교,3학년
인공지능 수학,군산중앙고등학교,3학년
수학과제 탐구,군산중앙고등학교,3학년
심화 영어,군산중앙고등학교,3학년
심화 영어 독해와 작문,군산중앙고등학교,3학년
중국 문화,군산중앙고등학교,3학년
일본 문화,군산중앙고등학교,3학년
세계사,군산중앙고등학교,3학년
정치,군산중앙고등학교,3학년
윤리와 사상,군산중앙고등학교,3학년
논술,군산중앙고등학교,3학년
전자기와 양자,군산중앙고등학교,3학년
화학 반응의 세계,군산중앙고등학교,3학년
생물의 유전,군산중앙고등학교,3학년
행성우주과학,군산중앙고등학교,3학년
환경 기술,군산중앙고등학교,3학년
매체 의사소통,군산중앙고등학교,3학년
경제 수학,군산중앙고등학교,3학년
미디어 영어,군산중앙고등학교,3학년
인공지능 기초,군산중앙고등학교,3학년
여행지리,군산중앙고등학교,3학년
역사로 탐구하는 현대 세계,군산중앙고등학교,3학년
금융과 경제생활,군산중앙고등학교,3학년
진로와 직업,군산중앙고등학교,3학년
교육의 이해,군산중앙고등학교,3학년
기후변화와 환경생태,군산중앙고등학교,3학년
스포츠 문화,김제고등학교,3학년
스포츠 과학,김제고등학교,3학년
화법과 언어,김제고등학교,3학년
미적분Ⅱ,김제고등학교,3학년
경제 수학,김제고등학교,3학년
영어 독해와 작문,김제고등학교,3학년
영미 문학 읽기,김제고등학교,3학년
주제 탐구 독서,김제고등학교,3학년
문학과 영상,김제고등학교,3학년
인공지능 수학,김제고등학교,3학년
실용 통계,김제고등학교,3학년
심화 영어,김제고등학교,3학년
심화 영어 독해와 작문,김제고등학교,3학년
기하,김제고등학교,3학년
윤리와 사상,김제고등학교,3학년
여행지리,김제고등학교,3학년
금융과 경제생활,김제고등학교,3학년
전자기와 양자,김제고등학교,3학년
화학 반응의 세계,김제고등학교,3학년
생물의 유전,김제고등학교,3학년
행성우주과학,김제고등학교,3학년
정치,김제고등학교,3학년
윤리문제 탐구,김제고등학교,3학년
기후변화와 지속가능한 세계,김제고등학교,3학년
과학의 역사와 문화,김제고등학교,3학년
기후변화와 환경생태,김제고등학교,3학년
융합과학 탐구,김제고등학교,3학년
생태와 환경,김제고등학교,3학년
인간과 심리,김제고등학교,3학년
교육의 이해,김제고등학교,3학년
보건,김제고등학교,3학년
생태와 환경,김제고등학교,3학년
인간과 심리,김제고등학교,3학년
교육의 이해,김제고등학교,3학년
보건,김제고등학교,3학년
중국어,김제고등학교,3학년
일본어,김제고등학교,3학년
한문,김제고등학교,3학년
중국어 회화,김제고등학교,3학년
일본어 회화,김제고등학교,3학년
한문,김제고등학교,3학년
언어생활과 한자,김제고등학교,3학년
문학,김제서고등학교,3학년
주제 탐구 독서,김제서고등학교,3학년
확률과 통계,김제서고등학교,3학년
미적분Ⅱ,김제서고등학교,3학년
영어 독해와 작문,김제서고등학교,3학년
심화 영어 독해와 작문,김제서고등학교,3학년
스포츠 문화,김제서고등학교,3학년
스포츠 생활2,김제서고등학교,3학년
화학 반응의 세계,김제서고등학교,3학년
과학의 역사와 문화,김제서고등학교,3학년
음악 이론,김제서고등학교,3학년
음악사,김제서고등학교,3학년
진로와 직업,김제서고등학교,3학년
생태와 환경,김제서고등학교,3학년
인간과 철학,김제서고등학교,3학년
인간과 심리,김제서고등학교,3학년
교육의 이해,김제서고등학교,3학년
보건,김제서고등학교,3학년
진로와 직업,김제서고등학교,3학년
생태와 환경,김제서고등학교,3학년
인간과 철학,김제서고등학교,3학년
인간과 심리,김제서고등학교,3학년
교육의 이해,김제서고등학교,3학년
보건,김제서고등학교,3학년
스포츠 생활1,김제여고등학교,3학년
스포츠 생활2,김제여고등학교,3학년
음악 연주와 창작,김제여고등학교,3학년
미술 창작,김제여고등학교,3학년
화법과 언어,김제여고등학교,3학년
언어생활 탐구,김제여고등학교,3학년
미적분Ⅱ,김제여고등학교,3학년
수학과제 탐구,김제여고등학교,3학년
심화 영어,김제여고등학교,3학년
미디어 영어,김제여고등학교,3학년
생활과학 탐구,김제여고등학교,3학년
언어생활과 한자,김제여고등학교,3학년
중국 문화,김제여고등학교,3학년
일본 문화,김제여고등학교,3학년
도시의 미래 탐구,김제여고등학교,3학년
법과 사회,김제여고등학교,3학년
윤리와 사상,김제여고등학교,3학년
전자기와 양자,김제여고등학교,3학년
화학 반응의 세계,김제여고등학교,3학년
세포와 물질대사,김제여고등학교,3학년
지구시스템과학,김제여고등학교,3학년
융합과학 탐구,김제여고등학교,3학년
문학과 영상,김제여고등학교,3학년
매체 의사소통,김제여고등학교,3학년
경제 수학,김제여고등학교,3학년
인공지능 수학,김제여고등학교,3학년
심화 영어 독해와 작문,김제여고등학교,3학년
세계 문화와 영어,김제여고등학교,3학년
생활과학 탐구,김제여고등학교,3학년
한문 고전 읽기,김제여고등학교,3학년
중국 문화,김제여고등학교,3학년
일본 문화,김제여고등학교,3학년
여행지리,김제여고등학교,3학년
사회문제 탐구,김제여고등학교,3학년
윤리문제 탐구,김제여고등학교,3학년
역학과 에너지,김제여고등학교,3학년
물질과 에너지,김제여고등학교,3학년
생물의 유전,김제여고등학교,3학년
행성우주과학,김제여고등학교,3학년
스포츠 생활1,남원고등학교,3학년
스포츠 생활2,남원고등학교,3학년
음악 연주와 창작,남원고등학교,3학년
미술 창작,남원고등학교,3학년
음악 연주와 창작,남원고등학교,3학년
미술 창작,남원고등학교,3학년
중국어 회화,남원고등학교,3학년
일본어 회화,남원고등학교,3학년
언어생활과 한자,남원고등학교,3학년
언어생활과 한자,남원고등학교,3학년
중국 문화,남원고등학교,3학년
일본 문화,남원고등학교,3학년
논술,남원고등학교,3학년
독서와 작문,남원고등학교,3학년
확률과 통계,남원고등학교,3학년
미적분Ⅱ,남원고등학교,3학년
영어 독해와 작문,남원고등학교,3학년
심화 영어,남원고등학교,3학년
세계사,남원고등학교,3학년
도시의 미래 탐구,남원고등학교,3학년
경제,남원고등학교,3학년
인문학과 윤리,남원고등학교,3학년
역학과 에너지,남원고등학교,3학년
화학 반응의 세계,남원고등학교,3학년
생물의 유전,남원고등학교,3학년
행성우주과학,남원고등학교,3학년
언어생활 탐구,남원고등학교,3학년
경제 수학,남원고등학교,3학년
인공지능 수학,남원고등학교,3학년
영미 문학 읽기,남원고등학교,3학년
여행지리,남원고등학교,3학년
사회문제 탐구,남원고등학교,3학년
금융과 경제생활,남원고등학교,3학년
윤리문제 탐구,남원고등학교,3학년
융합과학 탐구,남원고등학교,3학년
스포츠 생활1,남원서진여고등학교,3학년
스포츠 생활2,남원서진여고등학교,3학년
중국어,남원서진여고등학교,3학년
일본어,남원서진여고등학교,3학년
화법과 언어,남원서진여고등학교,3학년
주제 탐구 독서,남원서진여고등학교,3학년
문학과 영상,남원서진여고등학교,3학년
독서 토론과 글쓰기,남원서진여고등학교,3학년
확률과 통계,남원서진여고등학교,3학년
기하,남원서진여고등학교,3학년
미적분Ⅱ,남원서진여고등학교,3학년
인공지능 수학,남원서진여고등학교,3학년
수학과 문화,남원서진여고등학교,3학년
실용 통계,남원서진여고등학교,3학년
수학과제 탐구,남원서진여고등학교,3학년
영어 독해와 작문,남원서진여고등학교,3학년
영어 발표와 토론,남원서진여고등학교,3학년
심화 영어,남원서진여고등학교,3학년
미디어 영어,남원서진여고등학교,3학년
세계 문화와 영어,남원서진여고등학교,3학년
한국지리 탐구,남원서진여고등학교,3학년
인문학과 윤리,남원서진여고등학교,3학년
사회문제 탐구,남원서진여고등학교,3학년
전자기와 양자,남원서진여고등학교,3학년
화학 반응의 세계,남원서진여고등학교,3학년
생물의 유전,남원서진여고등학교,3학년
행성우주과학,남원서진여고등학교,3학년
주제 탐구 독서,남원서진여고등학교,3학년
문학과 영상,남원서진여고등학교,3학년
독서 토론과 글쓰기,남원서진여고등학교,3학년
기하,남원서진여고등학교,3학년
미적분Ⅱ,남원서진여고등학교,3학년
인공지능 수학,남원서진여고등학교,3학년
수학과 문화,남원서진여고등학교,3학년
실용 통계,남원서진여고등학교,3학년
수학과제 탐구,남원서진여고등학교,3학년
영어 독해와 작문,남원서진여고등학교,3학년
영어 발표와 토론,남원서진여고등학교,3학년
심화 영어,남원서진여고등학교,3학년
미디어 영어,남원서진여고등학교,3학년
세계 문화와 영어,남원서진여고등학교,3학년
정치,남원서진여고등학교,3학년
여행지리,남원서진여고등학교,3학년
역사로 탐구하는 현대 세계,남원서진여고등학교,3학년
윤리문제 탐구,남원서진여고등학교,3학년
과학의 역사와 문화,남원서진여고등학교,3학년
기후변화와 환경생태,남원서진여고등학교,3학년
진로와 직업,남원서진여고등학교,3학년
인간과 심리,남원서진여고등학교,3학년
교육의 이해,남원서진여고등학교,3학년
보건,남원서진여고등학교,3학년
논술,남원서진여고등학교,3학년
진로와 직업,남원서진여고등학교,3학년
인간과 심리,남원서진여고등학교,3학년
교육의 이해,남원서진여고등학교,3학년
보건,남원서진여고등학교,3학년
논술,남원서진여고등학교,3학년
음악과 미디어,남원서진여고등학교,3학년
미술과 매체,남원서진여고등학교,3학년
중국어 회화,남원서진여고등학교,3학년
일본어 회화,남원서진여고등학교,3학년
독서와 작문,남원여고등학교,3학년
기하,남원여고등학교,3학년
미적분Ⅱ,남원여고등학교,3학년
경제 수학,남원여고등학교,3학년
영미 문학 읽기,남원여고등학교,3학년
영어 발표와 토론,남원여고등학교,3학년
심화 영어,남원여고등학교,3학년
심화 영어 독해와 작문,남원여고등학교,3학년
스포츠 생활1,남원여고등학교,3학년
문학과 영상,남원여고등학교,3학년
수학과 문화,남원여고등학교,3학년
실용 통계,남원여고등학교,3학년
수학과제 탐구,남원여고등학교,3학년
실생활 영어 회화,남원여고등학교,3학년
미디어 영어,남원여고등학교,3학년
세계 문화와 영어,남원여고등학교,3학년
스포츠 생활2,남원여고등학교,3학년
확률과 통계,남원여고등학교,3학년
도시의 미래 탐구,남원여고등학교,3학년
역사로 탐구하는 현대 세계,남원여고등학교,3학년
사회문제 탐구,남원여고등학교,3학년
윤리문제 탐구,남원여고등학교,3학년
전자기와 양자,남원여고등학교,3학년
화학 반응의 세계,남원여고등학교,3학년
생물의 유전,남원여고등학교,3학년
행성우주과학,남원여고등학교,3학년
인문학과 윤리,남원여고등학교,3학년
여행지리,남원여고등학교,3학년
금융과 경제생활,남원여고등학교,3학년
기후변화와 지속가능한 세계,남원여고등학교,3학년
과학의 역사와 문화,남원여고등학교,3학년
기후변화와 환경생태,남원여고등학교,3학년
융합과학 탐구,남원여고등학교,3학년
창의 공학 설계,남원여고등학교,3학년
인공지능 기초,남원여고등학교,3학년
중국어 회화,남원여고등학교,3학년
일본어 회화,남원여고등학교,3학년
창의 공학 설계,남원여고등학교,3학년
인공지능 기초,남원여고등학교,3학년
중국어 회화,남원여고등학교,3학년
일본어 회화,남원여고등학교,3학년
스포츠 생활1,덕암고등학교,3학년
스포츠 생활2,덕암고등학교,3학년
미술 감상과 비평,덕암고등학교,3학년
진로와 직업,덕암고등학교,3학년
생태와 환경,덕암고등학교,3학년
보건,덕암고등학교,3학년
논술,덕암고등학교,3학년
영화 감상과 비평,덕암고등학교,3학년
화법과 언어,덕암고등학교,3학년
미적분Ⅱ,덕암고등학교,3학년
경제 수학,덕암고등학교,3학년
영어 독해와 작문,덕암고등학교,3학년
음악 연주와 창작,덕암고등학교,3학년
미술 창작,덕암고등학교,3학년
도시의 미래 탐구,덕암고등학교,3학년
인문학과 윤리,덕암고등학교,3학년
국제 관계의 이해,덕암고등학교,3학년
여행지리,덕암고등학교,3학년
역사로 탐구하는 현대 세계,덕암고등학교,3학년
역학과 에너지,덕암고등학교,3학년
물질과 에너지,덕암고등학교,3학년
세포와 물질대사,덕암고등학교,3학년
지구시스템과학,덕암고등학교,3학년
문학과 영상,덕암고등학교,3학년
수학과 문화,덕암고등학교,3학년
세계 문화와 영어,덕암고등학교,3학년
사회문제 탐구,덕암고등학교,3학년
금융과 경제생활,덕암고등학교,3학년
윤리문제 탐구,덕암고등학교,3학년
기후변화와 지속가능한 세계,덕암고등학교,3학년
전자기와 양자,덕암고등학교,3학년
화학 반응의 세계,덕암고등학교,3학년
생물의 유전,덕암고등학교,3학년
행성우주과학,덕암고등학교,3학년
과학의 역사와 문화,덕암고등학교,3학년
기후변화와 환경생태,덕암고등학교,3학년
융합과학 탐구,덕암고등학교,3학년
전문 수학,덕암고등학교,3학년
스포츠 문화,동국사대부금산고등학교,3학년
스포츠 과학,동국사대부금산고등학교,3학년
일본어,동국사대부금산고등학교,3학년
생태와 환경,동국사대부금산고등학교,3학년
논리와 사고,동국사대부금산고등학교,3학년
삶과 종교,동국사대부금산고등학교,3학년
보건,동국사대부금산고등학교,3학년
인간과 경제활동,동국사대부금산고등학교,3학년
독서와 작문,동국사대부금산고등학교,3학년
매체 의사소통,동국사대부금산고등학교,3학년
확률과 통계,동국사대부금산고등학교,3학년
실용 통계,동국사대부금산고등학교,3학년
심화 영어,동국사대부금산고등학교,3학년
심화 영어 독해와 작문,동국사대부금산고등학교,3학년
윤리와 사상,동국사대부금산고등학교,3학년
인문학과 윤리,동국사대부금산고등학교,3학년
여행지리,동국사대부금산고등학교,3학년
전자기와 양자,동국사대부금산고등학교,3학년
화학 반응의 세계,동국사대부금산고등학교,3학년
생물의 유전,동국사대부금산고등학교,3학년
행성우주과학,동국사대부금산고등학교,3학년
일본어 회화,동국사대부금산고등학교,3학년
진로와 직업,동국사대부금산고등학교,3학년
인간과 철학,동국사대부금산고등학교,3학년
인간과 심리,동국사대부금산고등학교,3학년
교육의 이해,동국사대부금산고등학교,3학년
주제 탐구 독서,동국사대부금산고등학교,3학년
언어생활 탐구,동국사대부금산고등학교,3학년
수학과 문화,동국사대부금산고등학교,3학년
수학과제 탐구,동국사대부금산고등학교,3학년
영어 발표와 토론,동국사대부금산고등학교,3학년
미디어 영어,동국사대부금산고등학교,3학년
국제 관계의 이해,동국사대부금산고등학교,3학년
사회문제 탐구,동국사대부금산고등학교,3학년
금융과 경제생활,동국사대부금산고등학교,3학년
윤리문제 탐구,동국사대부금산고등학교,3학년
과학의 역사와 문화,동국사대부금산고등학교,3학년
기후변화와 환경생태,동국사대부금산고등학교,3학년
융합과학 탐구,동국사대부금산고등학교,3학년
독서와 작문,배영고등학교,3학년
문학과 영상,배영고등학교,3학년
확률과 통계,배영고등학교,3학년
인공지능 수학,배영고등학교,3학년
심화 영어,배영고등학교,3학년
스포츠 생활1,배영고등학교,3학년
스포츠 생활2,배영고등학교,3학년
인간과 경제활동,배영고등학교,3학년
주제 탐구 독서,배영고등학교,3학년
독서 토론과 글쓰기,배영고등학교,3학년
미적분Ⅱ,배영고등학교,3학년
실용 통계,배영고등학교,3학년
매체 의사소통,배영고등학교,3학년
언어생활 탐구,배영고등학교,3학년
기하,배영고등학교,3학년
경제 수학,배영고등학교,3학년
영어 독해와 작문,배영고등학교,3학년
미디어 영어,배영고등학교,3학년
세계 문화와 영어,배영고등학교,3학년
인문학과 윤리,배영고등학교,3학년
금융과 경제생활,배영고등학교,3학년
세포와 물질대사,배영고등학교,3학년
과학의 역사와 문화,배영고등학교,3학년
윤리문제 탐구,배영고등학교,3학년
기후변화와 지속가능한 세계,배영고등학교,3학년
기후변화와 환경생태,배영고등학교,3학년
융합과학 탐구,배영고등학교,3학년
생태와 환경,배영고등학교,3학년
인간과 철학,배영고등학교,3학년
논리와 사고,배영고등학교,3학년
인간과 심리,배영고등학교,3학년
진로와 직업,배영고등학교,3학년
교육의 이해,배영고등학교,3학년
삶과 종교,배영고등학교,3학년
스포츠 생활1,서영여고등학교,3학년
스포츠 생활2,서영여고등학교,3학년
독서와 작문,서영여고등학교,3학년
주제 탐구 독서,서영여고등학교,3학년
직무 의사소통,서영여고등학교,3학년
미적분Ⅱ,서영여고등학교,3학년
수학과제 탐구,서영여고등학교,3학년
영어 독해와 작문,서영여고등학교,3학년
영미 문학 읽기,서영여고등학교,3학년
영어 발표와 토론,서영여고등학교,3학년
심화 영어,서영여고등학교,3학년
도시의 미래 탐구,서영여고등학교,3학년
법과 사회,서영여고등학교,3학년
경제,서영여고등학교,3학년
인문학과 윤리,서영여고등학교,3학년
국제 관계의 이해,서영여고등학교,3학년
역학과 에너지,서영여고등학교,3학년
전자기와 양자,서영여고등학교,3학년
물질과 에너지,서영여고등학교,3학년
화학 반응의 세계,서영여고등학교,3학년
세포와 물질대사,서영여고등학교,3학년
생물의 유전,서영여고등학교,3학년
지구시스템과학,서영여고등학교,3학년
행성우주과학,서영여고등학교,3학년
문학과 영상,서영여고등학교,3학년
독서 토론과 글쓰기,서영여고등학교,3학년
매체 의사소통,서영여고등학교,3학년
언어생활 탐구,서영여고등학교,3학년
수학과 문화,서영여고등학교,3학년
실용 통계,서영여고등학교,3학년
심화 영어 독해와 작문,서영여고등학교,3학년
직무 영어,서영여고등학교,3학년
실생활 영어 회화,서영여고등학교,3학년
미디어 영어,서영여고등학교,3학년
세계 문화와 영어,서영여고등학교,3학년
음악 연주와 창작,서영여고등학교,3학년
음악 감상과 비평,서영여고등학교,3학년
미술 창작,서영여고등학교,3학년
미술 감상과 비평,서영여고등학교,3학년
음악과 미디어,서영여고등학교,3학년
미술과 매체,서영여고등학교,3학년
진로와 직업,서영여고등학교,3학년
생태와 환경,서영여고등학교,3학년
인간과 철학,서영여고등학교,3학년
논리와 사고,서영여고등학교,3학년
인간과 심리,서영여고등학교,3학년
교육의 이해,서영여고등학교,3학년
삶과 종교,서영여고등학교,3학년
보건,서영여고등학교,3학년
인간과 경제활동,서영여고등학교,3학년
논술,서영여고등학교,3학년
음악 연주와 창작,서영여고등학교,3학년
음악 감상과 비평,서영여고등학교,3학년
미술 창작,서영여고등학교,3학년
미술 감상과 비평,서영여고등학교,3학년
음악과 미디어,서영여고등학교,3학년
미술과 매체,서영여고등학교,3학년
진로와 직업,서영여고등학교,3학년
생태와 환경,서영여고등학교,3학년
인간과 철학,서영여고등학교,3학년
논리와 사고,서영여고등학교,3학년
인간과 심리,서영여고등학교,3학년
교육의 이해,서영여고등학교,3학년
삶과 종교,서영여고등학교,3학년
보건,서영여고등학교,3학년
인간과 경제활동,서영여고등학교,3학년
논술,서영여고등학교,3학년
여행지리,서영여고등학교,3학년
역사로 탐구하는 현대 세계,서영여고등학교,3학년
사회문제 탐구,서영여고등학교,3학년
금융과 경제생활,서영여고등학교,3학년
윤리문제 탐구,서영여고등학교,3학년
기후변화와 지속가능한 세계,서영여고등학교,3학년
과학의 역사와 문화,서영여고등학교,3학년
기후변화와 환경생태,서영여고등학교,3학년
융합과학 탐구,서영여고등학교,3학년
운동과 건강,성원고등학교,3학년
스포츠 문화,성원고등학교,3학년
독서와 작문,성원고등학교,3학년
주제 탐구 독서,성원고등학교,3학년
매체 의사소통,성원고등학교,3학년
확률과 통계,성원고등학교,3학년
기하,성원고등학교,3학년
미적분Ⅱ,성원고등학교,3학년
경제 수학,성원고등학교,3학년
수학과 문화,성원고등학교,3학년
수학과제 탐구,성원고등학교,3학년
영어 독해와 작문,성원고등학교,3학년
영어 발표와 토론,성원고등학교,3학년
심화 영어,성원고등학교,3학년
독서와 작문,성원고등학교,3학년
주제 탐구 독서,성원고등학교,3학년
매체 의사소통,성원고등학교,3학년
기하,성원고등학교,3학년
미적분Ⅱ,성원고등학교,3학년
경제 수학,성원고등학교,3학년
수학과 문화,성원고등학교,3학년
수학과제 탐구,성원고등학교,3학년
영어 독해와 작문,성원고등학교,3학년
영어 발표와 토론,성원고등학교,3학년
심화 영어,성원고등학교,3학년
정치,성원고등학교,3학년
법과 사회,성원고등학교,3학년
윤리와 사상,성원고등학교,3학년
여행지리,성원고등학교,3학년
사회문제 탐구,성원고등학교,3학년
역학과 에너지,성원고등학교,3학년
전자기와 양자,성원고등학교,3학년
물질과 에너지,성원고등학교,3학년
화학 반응의 세계,성원고등학교,3학년
세포와 물질대사,성원고등학교,3학년
생물의 유전,성원고등학교,3학년
지구시스템과학,성원고등학교,3학년
행성우주과학,성원고등학교,3학년
소프트웨어와 생활,성원고등학교,3학년
정치,성원고등학교,3학년
법과 사회,성원고등학교,3학년
윤리와 사상,성원고등학교,3학년
여행지리,성원고등학교,3학년
사회문제 탐구,성원고등학교,3학년
역학과 에너지,성원고등학교,3학년
전자기와 양자,성원고등학교,3학년
물질과 에너지,성원고등학교,3학년
화학 반응의 세계,성원고등학교,3학년
세포와 물질대사,성원고등학교,3학년
생물의 유전,성원고등학교,3학년
지구시스템과학,성원고등학교,3학년
행성우주과학,성원고등학교,3학년
진로와 직업,성원고등학교,3학년
생태와 환경,성원고등학교,3학년
인간과 심리,성원고등학교,3학년
교육의 이해,성원고등학교,3학년
보건,성원고등학교,3학년
진로와 직업,성원고등학교,3학년
생태와 환경,성원고등학교,3학년
인간과 심리,성원고등학교,3학년
교육의 이해,성원고등학교,3학년
보건,성원고등학교,3학년
독서와 작문,신태인고등학교,3학년
주제 탐구 독서,신태인고등학교,3학년
확률과 통계,신태인고등학교,3학년
기하,신태인고등학교,3학년
영어 독해와 작문,신태인고등학교,3학년
영어 발표와 토론,신태인고등학교,3학년
스포츠 문화,신태인고등학교,3학년
스포츠 과학,신태인고등학교,3학년
음악 감상과 비평,신태인고등학교,3학년
음악과 미디어,신태인고등학교,3학년
생물의 유전,신태인고등학교,3학년
과학의 역사와 문화,신태인고등학교,3학년
기후변화와 환경생태,신태인고등학교,3학년
인문학과 윤리,신태인고등학교,3학년
사회문제 탐구,신태인고등학교,3학년
인공지능 기초,신태인고등학교,3학년
생태와 환경,신태인고등학교,3학년
인간과 철학,신태인고등학교,3학년
보건,신태인고등학교,3학년
논술,신태인고등학교,3학년
지구시스템과학,신태인고등학교,3학년
융합과학 탐구,신태인고등학교,3학년
생명과학 실험,신태인고등학교,3학년
금융과 경제생활,신태인고등학교,3학년
윤리문제 탐구,신태인고등학교,3학년
진로와 직업,신태인고등학교,3학년
생태와 환경,신태인고등학교,3학년
인간과 철학,신태인고등학교,3학년
보건,신태인고등학교,3학년
인간과 경제활동,신태인고등학교,3학년
논술,신태인고등학교,3학년
화법과 언어,왕신여고등학교,3학년
확률과 통계,왕신여고등학교,3학년
영어 독해와 작문,왕신여고등학교,3학년
운동과 건강,왕신여고등학교,3학년
스포츠 생활1,왕신여고등학교,3학년
생태와 환경,왕신여고등학교,3학년
인간과 철학,왕신여고등학교,3학년
인간과 심리,왕신여고등학교,3학년
삶과 종교,왕신여고등학교,3학년
음악과 미디어,왕신여고등학교,3학년
미술과 매체,왕신여고등학교,3학년
사회문제 탐구,왕신여고등학교,3학년
금융과 경제생활,왕신여고등학교,3학년
윤리문제 탐구,왕신여고등학교,3학년
역학과 에너지,왕신여고등학교,3학년
전자기와 양자,왕신여고등학교,3학년
물질과 에너지,왕신여고등학교,3학년
화학 반응의 세계,왕신여고등학교,3학년
세포와 물질대사,왕신여고등학교,3학년
생물의 유전,왕신여고등학교,3학년
지구시스템과학,왕신여고등학교,3학년
중국어,왕신여고등학교,3학년
일본어,왕신여고등학교,3학년
중국 문화,왕신여고등학교,3학년
일본 문화,왕신여고등학교,3학년
주제 탐구 독서,왕신여고등학교,3학년
문학과 영상,왕신여고등학교,3학년
언어생활 탐구,왕신여고등학교,3학년
기하,왕신여고등학교,3학년
미적분Ⅱ,왕신여고등학교,3학년
수학과제 탐구,왕신여고등학교,3학년
영어 발표와 토론,왕신여고등학교,3학년
미디어 영어,왕신여고등학교,3학년
세계 문화와 영어,왕신여고등학교,3학년
여행지리,왕신여고등학교,3학년
역사로 탐구하는 현대 세계,왕신여고등학교,3학년
과학의 역사와 문화,왕신여고등학교,3학년
기후변화와 환경생태,왕신여고등학교,3학년
융합과학 탐구,왕신여고등학교,3학년
음악 연주와 창작,왕신여고등학교,3학년
음악 감상과 비평,왕신여고등학교,3학년
미술 창작,왕신여고등학교,3학년
미술 감상과 비평,왕신여고등학교,3학년
논리와 사고,왕신여고등학교,3학년
인간과 심리,왕신여고등학교,3학년
인간과 경제활동,왕신여고등학교,3학년
논술,왕신여고등학교,3학년
화법과 언어,인상고등학교,3학년
확률과 통계,인상고등학교,3학년
영어Ⅱ,인상고등학교,3학년
스포츠 생활1,인상고등학교,3학년
스포츠 생활2,인상고등학교,3학년
미적분Ⅱ,인상고등학교,3학년
경제 수학,인상고등학교,3학년
동아시아 역사 기행,인상고등학교,3학년
기후변화와 환경생태,인상고등학교,3학년
세계사,인상고등학교,3학년
인문학과 윤리,인상고등학교,3학년
생물의 유전,인상고등학교,3학년
행성우주과학,인상고등학교,3학년
윤리문제 탐구,인상고등학교,3학년
전자기와 양자,인상고등학교,3학년
생태와 환경,인상고등학교,3학년
논리와 사고,인상고등학교,3학년
인간과 심리,인상고등학교,3학년
논술,인상고등학교,3학년
문학과 영상,인상고등학교,3학년
직무 의사소통,인상고등학교,3학년
실생활 영어 회화,인상고등학교,3학년
미디어 영어,인상고등학교,3학년
음악 감상과 비평,인상고등학교,3학년
미술 감상과 비평,인상고등학교,3학년
음악과 미디어,인상고등학교,3학년
미술과 매체,인상고등학교,3학년
독서와 작문,인월고등학교,3학년
확률과 통계,인월고등학교,3학년
스포츠 문화,인월고등학교,3학년
스포츠 과학,인월고등학교,3학년
음악 연주와 창작,인월고등학교,3학년
음악 감상과 비평,인월고등학교,3학년
생애 설계와 자립,인월고등학교,3학년
주제 탐구 독서,인월고등학교,3학년
문학과 영상,인월고등학교,3학년
직무 의사소통,인월고등학교,3학년
독서 토론과 글쓰기,인월고등학교,3학년
매체 의사소통,인월고등학교,3학년
기하,인월고등학교,3학년
미적분Ⅱ,인월고등학교,3학년
경제 수학,인월고등학교,3학년
인공지능 수학,인월고등학교,3학년
직무 수학,인월고등학교,3학년
수학과 문화,인월고등학교,3학년
실용 통계,인월고등학교,3학년
영미 문학 읽기,인월고등학교,3학년
영어 발표와 토론,인월고등학교,3학년
실생활 영어 회화,인월고등학교,3학년
미디어 영어,인월고등학교,3학년
주제 탐구 독서,인월고등학교,3학년
문학과 영상,인월고등학교,3학년
직무 의사소통,인월고등학교,3학년
매체 의사소통,인월고등학교,3학년
언어생활 탐구,인월고등학교,3학년
기하,인월고등학교,3학년
미적분Ⅱ,인월고등학교,3학년
경제 수학,인월고등학교,3학년
인공지능 수학,인월고등학교,3학년
직무 수학,인월고등학교,3학년
수학과 문화,인월고등학교,3학년
실용 통계,인월고등학교,3학년
영어 독해와 작문,인월고등학교,3학년
영미 문학 읽기,인월고등학교,3학년
영어 발표와 토론,인월고등학교,3학년
직무 영어,인월고등학교,3학년
실생활 영어 회화,인월고등학교,3학년
미디어 영어,인월고등학교,3학년
세계 문화와 영어,인월고등학교,3학년
도시의 미래 탐구,인월고등학교,3학년
동아시아 역사 기행,인월고등학교,3학년
정치,인월고등학교,3학년
법과 사회,인월고등학교,3학년
경제,인월고등학교,3학년
윤리와 사상,인월고등학교,3학년
인문학과 윤리,인월고등학교,3학년
국제 관계의 이해,인월고등학교,3학년
여행지리,인월고등학교,3학년
역사로 탐구하는 현대 세계,인월고등학교,3학년
금융과 경제생활,인월고등학교,3학년
기후변화와 지속가능한 세계,인월고등학교,3학년
역학과 에너지,인월고등학교,3학년
전자기와 양자,인월고등학교,3학년
물질과 에너지,인월고등학교,3학년
화학 반응의 세계,인월고등학교,3학년
세포와 물질대사,인월고등학교,3학년
생물의 유전,인월고등학교,3학년
지구시스템과학,인월고등학교,3학년
행성우주과학,인월고등학교,3학년
과학의 역사와 문화,인월고등학교,3학년
기후변화와 환경생태,인월고등학교,3학년
도시의 미래 탐구,인월고등학교,3학년
동아시아 역사 기행,인월고등학교,3학년
정치,인월고등학교,3학년
법과 사회,인월고등학교,3학년
경제,인월고등학교,3학년
윤리와 사상,인월고등학교,3학년
인문학과 윤리,인월고등학교,3학년
국제 관계의 이해,인월고등학교,3학년
여행지리,인월고등학교,3학년
역사로 탐구하는 현대 세계,인월고등학교,3학년
사회문제 탐구,인월고등학교,3학년
금융과 경제생활,인월고등학교,3학년
윤리문제 탐구,인월고등학교,3학년
기후변화와 지속가능한 세계,인월고등학교,3학년
역학과 에너지,인월고등학교,3학년
전자기와 양자,인월고등학교,3학년
물질과 에너지,인월고등학교,3학년
화학 반응의 세계,인월고등학교,3학년
세포와 물질대사,인월고등학교,3학년
생물의 유전,인월고등학교,3학년
지구시스템과학,인월고등학교,3학년
행성우주과학,인월고등학교,3학년
과학의 역사와 문화,인월고등학교,3학년
기후변화와 환경생태,인월고등학교,3학년
생태와 환경,인월고등학교,3학년
논리와 사고,인월고등학교,3학년
보건,인월고등학교,3학년
주제 탐구 독서,정읍고등학교,3학년
문학과 영상,정읍고등학교,3학년
경제 수학,정읍고등학교,3학년
영어 발표와 토론,정읍고등학교,3학년
심화 영어 독해와 작문,정읍고등학교,3학년
운동과 건강,정읍고등학교,3학년
스포츠 과학,정읍고등학교,3학년
화법과 언어,정읍고등학교,3학년
독서 토론과 글쓰기,정읍고등학교,3학년
확률과 통계,정읍고등학교,3학년
미적분Ⅱ,정읍고등학교,3학년
영어 독해와 작문,정읍고등학교,3학년
심화 영어,정읍고등학교,3학년
한문 고전 읽기,정읍고등학교,3학년
일본 문화,정읍고등학교,3학년
도시의 미래 탐구,정읍고등학교,3학년
경제,정읍고등학교,3학년
윤리와 사상,정읍고등학교,3학년
진로와 직업,정읍고등학교,3학년
생태와 환경,정읍고등학교,3학년
역학과 에너지,정읍고등학교,3학년
화학 반응의 세계,정읍고등학교,3학년
생물의 유전,정읍고등학교,3학년
지구시스템과학,정읍고등학교,3학년
한문 고전 읽기,정읍고등학교,3학년
일본 문화,정읍고등학교,3학년
여행지리,정읍고등학교,3학년
사회문제 탐구,정읍고등학교,3학년
윤리문제 탐구,정읍고등학교,3학년
진로와 직업,정읍고등학교,3학년
생태와 환경,정읍고등학교,3학년
전자기와 양자,정읍고등학교,3학년
화학 반응의 세계,정읍고등학교,3학년
생물의 유전,정읍고등학교,3학년
지구시스템과학,정읍고등학교,3학년
독서와 작문,정읍여고등학교,3학년
확률과 통계,정읍여고등학교,3학년
심화 영어,정읍여고등학교,3학년
스포츠 문화,정읍여고등학교,3학년
스포츠 과학,정읍여고등학교,3학년
독서 토론과 글쓰기,정읍여고등학교,3학년
미적분Ⅱ,정읍여고등학교,3학년
세계 문화와 영어,정읍여고등학교,3학년
조형 탐구,정읍여고등학교,3학년
미술 매체 탐구,정읍여고등학교,3학년
역사로 탐구하는 현대 세계,정읍여고등학교,3학년
사회문제 탐구,정읍여고등학교,3학년
기후변화와 지속가능한 세계,정읍여고등학교,3학년
전자기와 양자,정읍여고등학교,3학년
물질과 에너지,정읍여고등학교,3학년
화학 반응의 세계,정읍여고등학교,3학년
생물의 유전,정읍여고등학교,3학년
지구시스템과학,정읍여고등학교,3학년
행성우주과학,정읍여고등학교,3학년
융합과학 탐구,정읍여고등학교,3학년
생활과학 탐구,정읍여고등학교,3학년
일본 문화,정읍여고등학교,3학년
생태와 환경,정읍여고등학교,3학년
주제 탐구 독서,정읍여고등학교,3학년
언어생활 탐구,정읍여고등학교,3학년
영어 발표와 토론,정읍여고등학교,3학년
미디어 영어,정읍여고등학교,3학년
인공지능 수학,정읍여고등학교,3학년
수학과제 탐구,정읍여고등학교,3학년
여행지리,정읍여고등학교,3학년
금융과 경제생활,정읍여고등학교,3학년
윤리문제 탐구,정읍여고등학교,3학년
과학의 역사와 문화,정읍여고등학교,3학년
기후변화와 환경생태,정읍여고등학교,3학년
지식 재산 일반,정읍여고등학교,3학년
일본 문화,정읍여고등학교,3학년
논술,정읍여고등학교,3학년
스포츠 문화,정주고등학교,3학년
스포츠 과학,정주고등학교,3학년
독서와 작문,정주고등학교,3학년
문학과 영상,정주고등학교,3학년
확률과 통계,정주고등학교,3학년
미적분Ⅱ,정주고등학교,3학년
경제 수학,정주고등학교,3학년
영어 독해와 작문,정주고등학교,3학년
영미 문학 읽기,정주고등학교,3학년
주제 탐구 독서,정주고등학교,3학년
언어생활 탐구,정주고등학교,3학년
기하,정주고등학교,3학년
수학과제 탐구,정주고등학교,3학년
심화 영어,정주고등학교,3학년
세계 문화와 영어,정주고등학교,3학년
한국지리 탐구,정주고등학교,3학년
사회문제 탐구,정주고등학교,3학년
윤리문제 탐구,정주고등학교,3학년
전자기와 양자,정주고등학교,3학년
화학 반응의 세계,정주고등학교,3학년
세포와 물질대사,정주고등학교,3학년
지구시스템과학,정주고등학교,3학년
고급 물리학,정주고등학교,3학년
고급 생명과학,정주고등학교,3학년
도시의 미래 탐구,정주고등학교,3학년
인문학과 윤리,정주고등학교,3학년
금융과 경제생활,정주고등학교,3학년
과학의 역사와 문화,정주고등학교,3학년
기후변화와 환경생태,정주고등학교,3학년
융합과학 탐구,정주고등학교,3학년
생활과학 탐구,정주고등학교,3학년
언어생활과 한자,정주고등학교,3학년
심화 일본어,정주고등학교,3학년
일본어 회화,정주고등학교,3학년
교육의 이해,정주고등학교,3학년
인간과 경제활동,정주고등학교,3학년
공통국어1,글로벌학산고등학교,1학년
공통국어2,글로벌학산고등학교,1학년
공통수학1,글로벌학산고등학교,1학년
공통수학2,글로벌학산고등학교,1학년
공통영어1,글로벌학산고등학교,1학년
공통영어2,글로벌학산고등학교,1학년
통합사회1,글로벌학산고등학교,1학년
통합사회2,글로벌학산고등학교,1학년
한국사1,글로벌학산고등학교,1학년
한국사2,글로벌학산고등학교,1학년
통합과학1,글로벌학산고등학교,1학년
통합과학2,글로벌학산고등학교,1학년
체육1,글로벌학산고등학교,1학년
체육2,글로벌학산고등학교,1학년
정보,글로벌학산고등학교,1학년
공통국어1,김제농생명마이스터고등학교,1학년
공통국어2,김제농생명마이스터고등학교,1학년
공통수학1,김제농생명마이스터고등학교,1학년
공통수학2,김제농생명마이스터고등학교,1학년
공통영어1,김제농생명마이스터고등학교,1학년
공통영어2,김제농생명마이스터고등학교,1학년
한국사1,김제농생명마이스터고등학교,1학년
한국사2,김제농생명마이스터고등학교,1학년
통합과학1,김제농생명마이스터고등학교,1학년
통합과학2,김제농생명마이스터고등학교,1학년
체육1,김제농생명마이스터고등학교,1학년
체육2,김제농생명마이스터고등학교,1학년
공통국어1,남원용성고등학교,1학년
공통국어2,남원용성고등학교,1학년
공통수학1,남원용성고등학교,1학년
공통수학2,남원용성고등학교,1학년
통합사회1,남원용성고등학교,1학년
통합사회2,남원용성고등학교,1학년
통합과학1,남원용성고등학교,1학년
통합과학2,남원용성고등학교,1학년
체육1,남원용성고등학교,1학년
체육2,남원용성고등학교,1학년
음악,남원용성고등학교,1학년
미술,남원용성고등학교,1학년
농업 기초 기술,남원용성고등학교,1학년
농업 이해,남원용성고등학교,1학년
공통국어1,덕암정보고등학교,1학년
공통국어2,덕암정보고등학교,1학년
공통영어1,덕암정보고등학교,1학년
공통영어2,덕암정보고등학교,1학년
통합사회1,덕암정보고등학교,1학년
통합사회2,덕암정보고등학교,1학년
통합과학1,덕암정보고등학교,1학년
통합과학2,덕암정보고등학교,1학년
체육1,덕암정보고등학교,1학년
체육2,덕암정보고등학교,1학년
음악,덕암정보고등학교,1학년
음악 연주와 창작,덕암정보고등학교,1학년
미술 창작,덕암정보고등학교,1학년
미술 감상과 비평,덕암정보고등학교,1학년
한문,덕암정보고등학교,1학년
중국어,덕암정보고등학교,1학년
공통국어1,남원예고등학교,1학년
공통국어2,남원예고등학교,1학년
공통수학1,남원예고등학교,1학년
공통수학2,남원예고등학교,1학년
공통영어1,남원예고등학교,1학년
공통영어2,남원예고등학교,1학년
스포츠 문화,남원예고등학교,1학년
스포츠 과학,남원예고등학교,1학년
한국사1,남원예고등학교,1학년
한국사2,남원예고등학교,1학년
통합사회1,남원예고등학교,1학년
통합사회2,남원예고등학교,1학년
삶과 종교,남원예고등학교,1학년
종교와 생활(고시외-광주),남원예고등학교,1학년
통합과학1,남원예고등학교,1학년
통합과학2,남원예고등학교,1학년
과학탐구실험1,남원예고등학교,1학년
과학탐구실험2,남원예고등학교,1학년
과목명,정읍제일고등학교,1학년
공통국어1,정읍제일고등학교,1학년
공통국어2,정읍제일고등학교,1학년
공통수학1,정읍제일고등학교,1학년
공통수학2,정읍제일고등학교,1학년
공통영어1,정읍제일고등학교,1학년
공통영어2,정읍제일고등학교,1학년
한국사1,정읍제일고등학교,1학년
한국사2,정읍제일고등학교,1학년
통합과학1,정읍제일고등학교,1학년
통합과학2,정읍제일고등학교,1학년
체육1,정읍제일고등학교,1학년
체육2,정읍제일고등학교,1학년
음악,정읍제일고등학교,1학년
음악 감상과 비평,정읍제일고등학교,1학년
공통국어2,지평선고등학교,1학년
공통수학1,지평선고등학교,1학년
공통수학2,지평선고등학교,1학년
공통영어1,지평선고등학교,1학년
공통영어2,지평선고등학교,1학년
한국사1,지평선고등학교,1학년
한국사2,지평선고등학교,1학년
통합사회1,지평선고등학교,1학년
통합사회2,지평선고등학교,1학년
통합과학1,지평선고등학교,1학년
통합과학2,지평선고등학교,1학년
스포츠 문화,지평선고등학교,1학년
스포츠 과학,지평선고등학교,1학년
마음공부1,지평선고등학교,1학년
진로와 직업,지평선고등학교,1학년
후마니타스: 인간의 가치 탐색,지평선고등학교,1학년
삶과 철학,지평선고등학교,1학년
낭독1,지평선고등학교,1학년
낭독2,지평선고등학교,1학년
통합 기행,지평선고등학교,1학년
생태농업,지평선고등학교,1학년
미술과 매체,지평선고등학교,1학년
음악과 미디어,지평선고등학교,1학년
공통국어1,칠보고등학교,1학년
공통국어2,칠보고등학교,1학년
공통수학1,칠보고등학교,1학년
공통수학2,칠보고등학교,1학년
공통영어1,칠보고등학교,1학년
공통영어2,칠보고등학교,1학년
통합사회1,칠보고등학교,1학년
통합사회2,칠보고등학교,1학년
통합과학1,칠보고등학교,1학년
통합과학2,칠보고등학교,1학년
체육1,칠보고등학교,1학년
체육2,칠보고등학교,1학년
공통국어1,한국경마축산고등학교,1학년
공통국어2,한국경마축산고등학교,1학년
공통수학1,한국경마축산고등학교,1학년
공통수학2,한국경마축산고등학교,1학년
영어1,한국경마축산고등학교,1학년
영어2,한국경마축산고등학교,1학년
한국사1,한국경마축산고등학교,1학년
한국사2,한국경마축산고등학교,1학년
체육1,한국경마축산고등학교,1학년
체육2,한국경마축산고등학교,1학년
음악,한국경마축산고등학교,1학년
음악 감상과 비평,한국경마축산고등학교,1학년
화법과 언어,글로벌학산고등학교,2학년
직무 의사소통,글로벌학산고등학교,2학년
대수,글로벌학산고등학교,2학년
직무 수학,글로벌학산고등학교,2학년
영어Ⅰ,글로벌학산고등학교,2학년
실생활 영어 회화,글로벌학산고등학교,2학년
운동과 건강,글로벌학산고등학교,2학년
스포츠 생활2,글로벌학산고등학교,2학년
미술 창작,글로벌학산고등학교,2학년
미술사,글로벌학산고등학교,2학년
음악,글로벌학산고등학교,2학년
음악 감상과 비평,글로벌학산고등학교,2학년
인공지능 기초,글로벌학산고등학교,2학년
중국어,글로벌학산고등학교,2학년
직무영어,김제농생명마이스터고등학교,2학년
실생활 영어 회화,김제농생명마이스터고등학교,2학년
통합사회1,김제농생명마이스터고등학교,2학년
통합사회2,김제농생명마이스터고등학교,2학년
스포츠 생활1,김제농생명마이스터고등학교,2학년
스포츠 생활2,김제농생명마이스터고등학교,2학년
음악,김제농생명마이스터고등학교,2학년
미술 창착,김제농생명마이스터고등학교,2학년
정보,김제농생명마이스터고등학교,2학년
일본어,김제농생명마이스터고등학교,2학년
공통영어1,남원용성고등학교,2학년
공통영어2,남원용성고등학교,2학년
한국사1,남원용성고등학교,2학년
한국사2,남원용성고등학교,2학년
물리학,남원용성고등학교,2학년
운동과 건강,남원용성고등학교,2학년
스포츠 문화,남원용성고등학교,2학년
음악 연주와 창작,남원용성고등학교,2학년
미술 창작,남원용성고등학교,2학년
기본수학1,덕암정보고등학교,2학년
기본수학2,덕암정보고등학교,2학년
실생활 영어 회화,덕암정보고등학교,2학년
미디어 영어,덕암정보고등학교,2학년
한국사1,덕암정보고등학교,2학년
한국사2,덕암정보고등학교,2학년
운동과 건강,덕암정보고등학교,2학년
스포츠 문화,덕암정보고등학교,2학년
기술·가정,덕암정보고등학교,2학년
정보 ,덕암정보고등학교,2학년
화법과 언어,남원예고등학교,2학년
문학,남원예고등학교,2학년
대수,남원예고등학교,2학년
미적분Ⅰ,남원예고등학교,2학년
영어Ⅰ,남원예고등학교,2학년
영어Ⅱ,남원예고등학교,2학년
체육1,남원예고등학교,2학년
체육2,남원예고등학교,2학년
한문,남원예고등학교,2학년
언어생활과 한자,남원예고등학교,2학년
사회와 문화,남원예고등학교,2학년
사회문제 탐구,남원예고등학교,2학년
과목명,정읍제일고등학교,2학년
직무 의사소통,정읍제일고등학교,2학년
직무 수학,정읍제일고등학교,2학년
통합사회1,정읍제일고등학교,2학년
통합사회2,정읍제일고등학교,2학년
생명과학,정읍제일고등학교,2학년
생물의 유전,정읍제일고등학교,2학년
운동과 건강,정읍제일고등학교,2학년
스포츠 생활1,정읍제일고등학교,2학년
미술,정읍제일고등학교,2학년
미술 감상과 비평,정읍제일고등학교,2학년
정보,정읍제일고등학교,2학년
정보처리와 관리,정읍제일고등학교,2학년
직무 의사소통,칠보고등학교,2학년
직무 영어,칠보고등학교,2학년
한국사1,칠보고등학교,2학년
한국사2,칠보고등학교,2학년
운동과 건강,칠보고등학교,2학년
스포츠 문화,칠보고등학교,2학년
음악,칠보고등학교,2학년
미술,칠보고등학교,2학년
스포츠 개론,칠보고등학교,2학년
기초 체육 전공 실기,칠보고등학교,2학년
성공적인 직업 생활,칠보고등학교,2학년
정보,칠보고등학교,2학년
직무의사소통,한국경마축산고등학교,2학년
인공지능수학,한국경마축산고등학교,2학년
실생활영어회화,한국경마축산고등학교,2학년
직무영어,한국경마축산고등학교,2학년
통합사회1,한국경마축산고등학교,2학년
통합사회2,한국경마축산고등학교,2학년
통합과학1,한국경마축산고등학교,2학년
통합과학2,한국경마축산고등학교,2학년
운동과 건강,한국경마축산고등학교,2학년
스포츠 생활1,한국경마축산고등학교,2학년
진로와 직업,한국경마축산고등학교,2학년
논리와 사고,한국경마축산고등학교,2학년
일본어,한국경마축산고등학교,2학년
일본어 회화,한국경마축산고등학교,2학년
직무 영어,글로벌학산고등학교,3학년
스포츠 과학,글로벌학산고등학교,3학년
스포츠 문화,글로벌학산고등학교,3학년
컴퓨터그래픽,글로벌학산고등학교,3학년
일러스트레이션,글로벌학산고등학교,3학년
성공적인 직업 생활,남원용성고등학교,3학년
디지털과 직업 생활,남원용성고등학교,3학년
성공적인 직업 생활,덕암정보고등학교,3학년
디지털과 직업 생활,덕암정보고등학교,3학년
독서와 작문,남원예고등학교,3학년
독서 토론과 글쓰기,남원예고등학교,3학년
영어 독해와 작문,남원예고등학교,3학년
실생활 영어 회화,남원예고등학교,3학년
스포츠 생활1,남원예고등학교,3학년
스포츠 생활2,남원예고등학교,3학년
정보,남원예고등학교,3학년
인공지능 기초,남원예고등학교,3학년
생명과학,남원예고등학교,3학년
기후변화와 환경생태,남원예고등학교,3학년
과목명,정읍제일고등학교,3학년
실생활 영어 회화,정읍제일고등학교,3학년
진로와 직업,정읍제일고등학교,3학년
인간과 심리,정읍제일고등학교,3학년
미디어 영어,칠보고등학교,3학년
스포츠 과학,칠보고등학교,3학년
스포츠 문화,한국경마축산고등학교,3학년
스포츠 생활2,한국경마축산고등학교,3학년
