학교명,과목명,교원수(계)
전북대학교사범대학부설고등학교,체육,1
전북대학교사범대학부설고등학교,지구과학Ⅱ,1
전북대학교사범대학부설고등학교,생명과학Ⅱ,1
전북대학교사범대학부설고등학교,화학Ⅱ,1
전북대학교사범대학부설고등학교,물리학Ⅱ,1
전북대학교사범대학부설고등학교,지구과학Ⅰ,1
전북대학교사범대학부설고등학교,생명과학Ⅰ,1
전북대학교사범대학부설고등학교,화학Ⅰ,1
전북대학교사범대학부설고등학교,물리학Ⅰ,1
전북대학교사범대학부설고등학교,윤리와 사상,1
전북대학교사범대학부설고등학교,사회·문화,1
전북대학교사범대학부설고등학교,세계사,1
전북대학교사범대학부설고등학교,기타특수,1
전북대학교사범대학부설고등학교,중국어Ⅰ,1
전북대학교사범대학부설고등학교,일본어Ⅰ,1
전북대학교사범대학부설고등학교,독일어Ⅰ,1
전북대학교사범대학부설고등학교,정보,1
전북대학교사범대학부설고등학교,미술,1
전북대학교사범대학부설고등학교,음악,2
전북대학교사범대학부설고등학교,통합사회,3
전북대학교사범대학부설고등학교,한국사,2
전북대학교사범대학부설고등학교,진로 영어,1
전북대학교사범대학부설고등학교,영어Ⅱ,3
전북대학교사범대학부설고등학교,영어Ⅰ,2
전북대학교사범대학부설고등학교,영어,3
전북대학교사범대학부설고등학교,경제 수학,1
전북대학교사범대학부설고등학교,기하,2
전북대학교사범대학부설고등학교,실용 수학,2
전북대학교사범대학부설고등학교,수학Ⅰ,3
전북대학교사범대학부설고등학교,수학,2
전북대학교사범대학부설고등학교,심화 국어,1
전북대학교사범대학부설고등학교,문학,3
전북대학교사범대학부설고등학교,독서,3
전북대학교사범대학부설고등학교,국어,2
전북대학교사범대학부설고등학교,한국지리,1
전북대학교사범대학부설고등학교,스포츠 생활,1
전북대학교사범대학부설고등학교,운동과 건강,1
전북기계공업고등학교,메카트로닉스기초,1
전북기계공업고등학교,로봇기구개발,1
전북기계공업고등학교,로봇기초,1
전북기계공업고등학교,가전기기 하드웨어 개발,2
전북기계공업고등학교,로봇 소프트웨어 개발,1
전북기계공업고등학교,내선 공사,2
전북기계공업고등학교,전자 회로,1
전북기계공업고등학교,전기·전자 기초,1
전북기계공업고등학교,자동화 설비,1
전북기계공업고등학교,전기 회로,1
전북기계공업고등학교,피복 아크 용접,1
전북기계공업고등학교,기계 소프트웨어 개발,11
전북기계공업고등학교,로봇 소프트웨어 개발,1
전북기계공업고등학교,기계 수동 조립,6
전북기계공업고등학교,사출 금형 제작,5
전북기계공업고등학교,사출 금형 설계,1
전북기계공업고등학교,컴퓨터 활용 생산,9
전북기계공업고등학교,기계요소 설계,10
전북기계공업고등학교,기계 기초 공작,7
전북기계공업고등학교,기계 제도,1
전북기계공업고등학교,기초 제도,2
전북기계공업고등학교,품질 관리,2
전북기계공업고등학교,사무 관리,1
전북기계공업고등학교,한문Ⅰ,2
전북기계공업고등학교,중국어Ⅰ,2
전북기계공업고등학교,미술 창작,1
전북기계공업고등학교,음악,2
전북기계공업고등학교,운동과 건강,2
전북기계공업고등학교,체육,2
전북기계공업고등학교,통합과학,4
전북기계공업고등학교,통합사회,3
전북기계공업고등학교,한국사,3
전북기계공업고등학교,실용 영어,1
전북기계공업고등학교,영어,4
전북기계공업고등학교,수학,5
전북기계공업고등학교,국어,4
전북기계공업고등학교,로봇 하드웨어 설계,1
전북기계공업고등학교,가전 기기 시스템 소프트웨어 개발,1
전북기계공업고등학교,프로그래밍,1
강호항공고등학교,가전기기 하드웨어 개발,1
강호항공고등학교,국어,2
강호항공고등학교,디지털 논리 회로,1
강호항공고등학교,전자 회로,1
강호항공고등학교,산업 설비,1
강호항공고등학교,항공기 정비 관리,1
강호항공고등학교,항공기 전기·전자 장비 정비,1
강호항공고등학교,항공기 왕복 엔진 정비,2
강호항공고등학교,항공기 가스 터빈 엔진 정비,1
강호항공고등학교,항공기 기체 정비,1
강호항공고등학교,밀링 가공,2
강호항공고등학교,기계요소 설계,1
강호항공고등학교,기계 일반,1
강호항공고등학교,성공적인 직업생활,1
강호항공고등학교,물리학Ⅰ,1
강호항공고등학교,공업 일반,1
강호항공고등학교,사무 행정,1
강호항공고등학교,마케팅과 광고,1
강호항공고등학교,세무 일반,1
강호항공고등학교,기업 자원 통합 관리,1
강호항공고등학교,회계 원리,1
강호항공고등학교,한문Ⅰ,1
강호항공고등학교,중국어Ⅰ,1
강호항공고등학교,진로와 직업,1
강호항공고등학교,보건,1
강호항공고등학교,미술,1
강호항공고등학교,음악,1
강호항공고등학교,운동과 건강,1
강호항공고등학교,체육,1
강호항공고등학교,통합과학,1
강호항공고등학교,정보 통신 기기 하드웨어 개발,1
강호항공고등학교,통합사회,1
강호항공고등학교,한국사,2
강호항공고등학교,영어Ⅰ,1
강호항공고등학교,영어,2
강호항공고등학교,수학Ⅰ,1
강호항공고등학교,수학,2
강호항공고등학교,문학,1
강호항공고등학교,내선 공사,1
고산고등학교,인턴십을 통한 배움Ⅰ,1
고산고등학교,미디어 콘텐츠 일반,1
고산고등학교,한문Ⅰ,1
고산고등학교,보건,1
고산고등학교,기술·가정,2
고산고등학교,미술 창작,1
고산고등학교,미술,1
고산고등학교,음악,2
고산고등학교,체육,2
고산고등학교,통합과학,1
고산고등학교,생활과 윤리,1
고산고등학교,통합사회,1
고산고등학교,한국사,1
고산고등학교,영어 회화,1
고산고등학교,영어,2
고산고등학교,수학Ⅰ,1
고산고등학교,수학,2
고산고등학교,문학,1
고산고등학교,국어,2
고창고등학교,운동과 건강,1
고창고등학교,화학Ⅱ,1
고창고등학교,생명과학Ⅰ,1
고창고등학교,통합과학,2
고창고등학교,윤리와 사상,1
고창고등학교,생활과 윤리,1
고창고등학교,사회·문화,1
고창고등학교,세계지리,1
고창고등학교,통합사회,1
고창고등학교,한국사,2
고창고등학교,영어Ⅱ,2
고창고등학교,영어Ⅰ,2
고창고등학교,미적분,1
고창고등학교,수학Ⅰ,1
고창고등학교,수학,2
고창고등학교,문학,2
고창고등학교,언어와 매체,2
고창고등학교,화법과 작문,1
고창고등학교,국어,1
고창고등학교,영어,2
고창고등학교,지구과학Ⅰ,1
고창고등학교,기하,1
고창고등학교,확률과 통계,1
고창고등학교,기타특수,1
고창고등학교,논리학,1
고창고등학교,한문Ⅰ,1
고창고등학교,중국어Ⅱ,1
고창고등학교,일본어Ⅱ,1
고창고등학교,진로와 직업,1
고창고등학교,미술,1
고창고등학교,음악,1
고창고등학교,스포츠 생활,1
고창북고등학교,화법과 작문,1
고창북고등학교,중국어Ⅱ,1
고창북고등학교,중국어Ⅰ,1
고창북고등학교,정보,1
고창북고등학교,기술·가정,1
고창북고등학교,미술,1
고창북고등학교,음악,1
고창북고등학교,운동과 건강,1
고창북고등학교,체육,1
고창북고등학교,생명과학Ⅱ,1
고창북고등학교,화학Ⅱ,1
고창북고등학교,통합과학,2
고창북고등학교,사회문제 탐구,1
고창북고등학교,사회·문화,1
고창북고등학교,정치와 법,1
고창북고등학교,통합사회,1
고창북고등학교,한국사,1
고창북고등학교,영어 독해와 작문,2
고창북고등학교,영어Ⅰ,1
고창북고등학교,영어,1
고창북고등학교,경제 수학,1
고창북고등학교,확률과 통계,1
고창북고등학교,미적분,1
고창북고등학교,수학Ⅰ,1
고창북고등학교,수학,1
고창북고등학교,문학,2
고창북고등학교,국어,1
자유고등학교,생활과 과학,1
자유고등학교,통합사회,1
자유고등학교,한국사,1
자유고등학교,영어 독해와 작문,2
자유고등학교,영어Ⅰ,1
자유고등학교,영어,1
자유고등학교,경제 수학,1
자유고등학교,수학Ⅰ,2
자유고등학교,수학,1
자유고등학교,기타특수,1
자유고등학교,한문Ⅰ,1
자유고등학교,진로와 직업,1
자유고등학교,정보,1
자유고등학교,미술,1
자유고등학교,음악,1
자유고등학교,운동과 건강,1
자유고등학교,체육,1
자유고등학교,문학,1
자유고등학교,독서,1
자유고등학교,국어,2
자유고등학교,화학Ⅱ,1
자유고등학교,지구과학Ⅰ,1
자유고등학교,생명과학Ⅰ,1
자유고등학교,통합과학,1
자유고등학교,생활과 윤리,1
자유고등학교,사회·문화,1
자유고등학교,정치와 법,1
자유고등학교,세계지리,1
군산고등학교,기타특수,2
군산고등학교,한문Ⅰ,1
군산고등학교,중국어Ⅱ,1
군산고등학교,일본어Ⅱ,1
군산고등학교,일본어Ⅰ,1
군산고등학교,정보,1
군산고등학교,미술 창작,1
군산고등학교,미술,1
군산고등학교,음악,1
군산고등학교,스포츠 생활,1
군산고등학교,운동과 건강,1
군산고등학교,사회·문화,1
군산고등학교,정치와 법,1
군산고등학교,통합사회,2
군산고등학교,한국사,2
군산고등학교,영어 독해와 작문,3
군산고등학교,영어Ⅰ,2
군산고등학교,영어,2
군산고등학교,확률과 통계,1
군산고등학교,미적분,2
군산고등학교,수학Ⅰ,2
군산고등학교,체육,1
군산고등학교,생활과 과학,1
군산고등학교,지구과학Ⅱ,1
군산고등학교,생명과학Ⅱ,1
군산고등학교,지구과학Ⅰ,1
군산고등학교,생명과학Ⅰ,1
군산고등학교,화학Ⅰ,1
군산고등학교,물리학Ⅰ,1
군산고등학교,과학탐구실험,1
군산고등학교,윤리와 사상,1
군산고등학교,생활과 윤리,1
군산고등학교,수학,2
군산고등학교,문학,2
군산고등학교,언어와 매체,1
군산고등학교,독서,2
군산고등학교,국어,2
군산기계공업고등학교,피복 아크 용접,2
군산기계공업고등학교,기계 소프트웨어 개발,1
군산기계공업고등학교,사출 금형 제작,2
군산기계공업고등학교,사출 금형 설계,1
군산기계공업고등학교,컴퓨터 활용 생산,4
군산기계공업고등학교,밀링 가공,1
군산기계공업고등학교,기계요소 설계,4
군산기계공업고등학교,밀링 가공,1
군산기계공업고등학교,기계요소 설계,1
군산기계공업고등학교,일본어Ⅰ,1
군산기계공업고등학교,진로와 직업,1
군산기계공업고등학교,미술,1
군산기계공업고등학교,음악,1
군산기계공업고등학교,운동과 건강,1
군산기계공업고등학교,체육,1
군산기계공업고등학교,통합과학,2
군산기계공업고등학교,통합사회,1
군산기계공업고등학교,한국사,1
군산기계공업고등학교,영어,2
군산기계공업고등학교,수학Ⅰ,1
군산기계공업고등학교,수학,1
군산기계공업고등학교,문학,1
군산기계공업고등학교,국어,1
군산기계공업고등학교,자동 제어 시스템 유지 정비,2
군산기계공업고등학교,내선 공사,4
군산기계공업고등학교,전기 기기 제작,2
군산기계공업고등학교,자동화 설비,1
군산기계공업고등학교,배관 시공,2
한들고등학교,독서,1
한들고등학교,국어,4
한들고등학교,통합과학,1
한들고등학교,운동과 건강,1
한들고등학교,생활과 과학,1
한들고등학교,생명과학Ⅰ,1
한들고등학교,중국어Ⅱ,1
한들고등학교,진로와 직업,1
한들고등학교,기술·가정,1
한들고등학교,미술 창작,1
한들고등학교,미술,1
한들고등학교,음악,1
한들고등학교,스포츠 생활,1
한들고등학교,윤리와 사상,1
한들고등학교,통합사회,1
한들고등학교,한국사,1
한들고등학교,영어Ⅰ,1
한들고등학교,영어,2
한들고등학교,수학Ⅰ,1
한들고등학교,수학,2
한들고등학교,기타특수,1
한들고등학교,문학,1
군산동고등학교,미술,1
군산동고등학교,스포츠 생활,1
군산동고등학교,체육,1
군산동고등학교,생명과학Ⅱ,1
군산동고등학교,과학탐구실험,1
군산동고등학교,통합과학,2
군산동고등학교,생활과 윤리,1
군산동고등학교,사회·문화,1
군산동고등학교,한국지리,1
군산동고등학교,통합사회,3
군산동고등학교,한국사,2
군산동고등학교,진로 영어,3
군산동고등학교,영어Ⅰ,2
군산동고등학교,영어,2
군산동고등학교,경제 수학,2
군산동고등학교,미적분,1
군산동고등학교,수학Ⅰ,3
군산동고등학교,수학,2
군산동고등학교,문학,2
군산동고등학교,화법과 작문,3
군산동고등학교,국어,2
군산동고등학교,운동과 건강,1
군산동고등학교,물리학Ⅱ,1
군산동고등학교,지구과학Ⅰ,1
군산동고등학교,생명과학Ⅰ,1
군산동고등학교,화학Ⅰ,1
군산동고등학교,중국 문화,1
군산동고등학교,한문Ⅰ,2
군산동고등학교,일본어Ⅰ,1
군산동고등학교,공학 일반,1
군산동고등학교,음악 연주,1
군산상일고등학교,생명과학Ⅰ,1
군산상일고등학교,물리학Ⅰ,1
군산상일고등학교,과학탐구실험,1
군산상일고등학교,통합과학,2
군산상일고등학교,사회문제 탐구,1
군산상일고등학교,윤리와 사상,1
군산상일고등학교,통합사회,2
군산상일고등학교,한국사,2
군산상일고등학교,영미 문학 읽기,1
군산상일고등학교,영어Ⅰ,2
군산상일고등학교,영어,2
군산상일고등학교,확률과 통계,1
군산상일고등학교,수학Ⅰ,2
군산상일고등학교,수학,2
군산상일고등학교,기타특수,3
군산상일고등학교,문학,2
군산상일고등학교,언어와 매체,1
군산상일고등학교,국어,2
군산상일고등학교,음악,1
군산상일고등학교,운동과 건강,1
군산상일고등학교,체육,2
군산상일고등학교,생활과 과학,1
군산상일고등학교,군대윤리,1
군산상일고등학교,전자 상거래 실무,1
군산상일고등학교,보험 모집,1
군산상일고등학교,창구 사무,1
군산상일고등학교,공정 관리,1
군산상일고등학교,세무 실무,2
군산상일고등학교,회계 실무,2
군산상일고등학교,사무 행정,2
군산상일고등학교,커뮤니케이션,1
군산상일고등학교,중국어Ⅰ,1
군산상일고등학교,정보,1
군산상일고등학교,미술,1
군산상일고등학교,국방체육,1
군산여자고등학교,수학Ⅰ,2
군산여자고등학교,수학Ⅱ,3
군산여자고등학교,심화 국어,3
군산여자고등학교,문학,4
군산여자고등학교,화법과 작문,3
군산여자고등학교,국어,2
군산여자고등학교,물리학Ⅰ,1
군산여자고등학교,과학탐구실험,1
군산여자고등학교,통합과학,3
군산여자고등학교,여행지리,1
군산여자고등학교,기타특수,1
군산여자고등학교,한문Ⅰ,1
군산여자고등학교,중국어Ⅰ,1
군산여자고등학교,일본어Ⅰ,2
군산여자고등학교,기술·가정,2
군산여자고등학교,미술,2
군산여자고등학교,음악,2
군산여자고등학교,스포츠 생활,1
군산여자고등학교,운동과 건강,2
군산여자고등학교,체육,2
군산여자고등학교,생명과학Ⅱ,1
군산여자고등학교,화학Ⅱ,1
군산여자고등학교,지구과학Ⅰ,1
군산여자고등학교,생명과학Ⅰ,1
군산여자고등학교,화학Ⅰ,1
군산여자고등학교,윤리와 사상,1
군산여자고등학교,생활과 윤리,1
군산여자고등학교,사회·문화,1
군산여자고등학교,정치와 법,1
군산여자고등학교,동아시아사,1
군산여자고등학교,한국지리,1
군산여자고등학교,통합사회,3
군산여자고등학교,한국사,2
군산여자고등학교,영어Ⅱ,3
군산여자고등학교,영어Ⅰ,3
군산여자고등학교,영어,3
군산여자고등학교,확률과 통계,1
군산여자고등학교,미적분,2
군산여자고등학교,수학,3
군산여자상업고등학교,한국사,2
군산여자상업고등학교,영어,2
군산여자상업고등학교,수학,2
군산여자상업고등학교,기타특수,1
군산여자상업고등학교,문학,1
군산여자상업고등학교,국어,1
군산여자상업고등학교,비즈니스 엑셀,2
군산여자상업고등학교,창구 사무,1
군산여자상업고등학교,회계 실무,2
군산여자상업고등학교,사무 행정,2
군산여자상업고등학교,전자 상거래 일반,1
군산여자상업고등학교,커뮤니케이션,2
군산여자상업고등학교,창업 일반,1
군산여자상업고등학교,마케팅과 광고,1
군산여자상업고등학교,금융 일반,2
군산여자상업고등학교,세무 일반,1
군산여자상업고등학교,기업 자원 통합 관리,2
군산여자상업고등학교,회계 정보 처리 시스템,2
군산여자상업고등학교,회계 원리,2
군산여자상업고등학교,사무 관리,1
군산여자상업고등학교,기업과 경영,2
군산여자상업고등학교,상업 경제,1
군산여자상업고등학교,성공적인 직업생활,1
군산여자상업고등학교,한문Ⅰ,1
군산여자상업고등학교,기술·가정,1
군산여자상업고등학교,음악,1
군산여자상업고등학교,기타특수,1
군산여자상업고등학교,운동과 건강,1
군산여자상업고등학교,체육,1
군산여자상업고등학교,통합과학,2
군산여자상업고등학교,통합사회,1
군산영광여자고등학교,일본어Ⅰ,1
군산영광여자고등학교,기술·가정,1
군산영광여자고등학교,음악 감상과 비평,1
군산영광여자고등학교,미술,1
군산영광여자고등학교,음악,1
군산영광여자고등학교,스포츠 생활,1
군산영광여자고등학교,운동과 건강,1
군산영광여자고등학교,체육,1
군산영광여자고등학교,생명과학Ⅱ,2
군산영광여자고등학교,화학Ⅱ,1
군산영광여자고등학교,지구과학Ⅰ,1
군산영광여자고등학교,화학Ⅰ,1
군산영광여자고등학교,통합과학,1
군산영광여자고등학교,사회문제 탐구,1
군산영광여자고등학교,생활과 윤리,1
군산영광여자고등학교,사회·문화,1
군산영광여자고등학교,통합사회,2
군산영광여자고등학교,한국사,2
군산영광여자고등학교,영어 독해와 작문,2
군산영광여자고등학교,영어Ⅰ,3
군산영광여자고등학교,영어,2
군산영광여자고등학교,실용 수학,1
군산영광여자고등학교,확률과 통계,1
군산영광여자고등학교,미적분,1
군산영광여자고등학교,수학Ⅰ,2
군산영광여자고등학교,수학,2
군산영광여자고등학교,문학,2
군산영광여자고등학교,화법과 작문,3
군산영광여자고등학교,인공지능 기초,1
군산영광여자고등학교,국어,2
군산영광여자고등학교,종교학,1
군산영광여자고등학교,한문Ⅰ,1
군산제일고등학교,윤리와 사상,1
군산제일고등학교,국어,4
군산제일고등학교,세계지리,1
군산제일고등학교,통합사회,2
군산제일고등학교,한국사,2
군산제일고등학교,영어Ⅱ,3
군산제일고등학교,영어Ⅰ,3
군산제일고등학교,영어,2
군산제일고등학교,중국어Ⅰ,1
군산제일고등학교,일본어Ⅰ,1
군산제일고등학교,정보,1
군산제일고등학교,기술·가정,1
군산제일고등학교,음악 감상과 비평,1
군산제일고등학교,미술,1
군산제일고등학교,음악,1
군산제일고등학교,스포츠 생활,1
군산제일고등학교,한문Ⅱ,1
군산제일고등학교,지구과학Ⅰ,1
군산제일고등학교,생명과학Ⅰ,1
군산제일고등학교,화학Ⅰ,1
군산제일고등학교,물리학Ⅰ,1
군산제일고등학교,과학탐구실험,1
군산제일고등학교,통합과학,3
군산제일고등학교,사회문제 탐구,1
군산제일고등학교,운동과 건강,2
군산제일고등학교,체육,1
군산제일고등학교,화학Ⅱ,1
군산제일고등학교,수학과제 탐구,1
군산제일고등학교,확률과 통계,2
군산제일고등학교,미적분,1
군산제일고등학교,수학Ⅰ,3
군산제일고등학교,수학,3
군산제일고등학교,심화 국어,1
군산제일고등학교,언어와 매체,3
군산제일고등학교,화법과 작문,2
군산제일고등학교,생활과 윤리,1
군산중앙고등학교,일본어Ⅰ,1
군산중앙고등학교,지식 재산 일반,1
군산중앙고등학교,진로와 직업,1
군산중앙고등학교,음악,2
군산중앙고등학교,스포츠 생활,1
군산중앙고등학교,운동과 건강,1
군산중앙고등학교,체육,2
군산중앙고등학교,지구과학Ⅱ,1
군산중앙고등학교,생명과학Ⅱ,1
군산중앙고등학교,화학Ⅱ,1
군산중앙고등학교,생명과학Ⅰ,1
군산중앙고등학교,통합과학,3
군산중앙고등학교,세계지리,1
군산중앙고등학교,통합사회,4
군산중앙고등학교,한국사,2
군산중앙고등학교,진로 영어,1
군산중앙고등학교,영어 독해와 작문,1
군산중앙고등학교,영어Ⅰ,2
군산중앙고등학교,영어 회화,1
군산중앙고등학교,영어,2
군산중앙고등학교,확률과 통계,1
군산중앙고등학교,미적분,2
군산중앙고등학교,수학Ⅰ,3
군산중앙고등학교,수학,2
군산중앙고등학교,문학,2
군산중앙고등학교,언어와 매체,1
군산중앙고등학교,화법과 작문,1
군산중앙고등학교,국어,2
군산중앙고등학교,심리학,1
군산중앙고등학교,보건,1
군산중앙고등학교,환경,1
군산중앙고등학교,정보,1
군산중앙고등학교,음악 감상과 비평,1
군산중앙고등학교,미술,2
군산중앙여자고등학교,생활과 과학,1
군산중앙여자고등학교,체육,1
군산중앙여자고등학교,화학Ⅱ,1
군산중앙여자고등학교,지구과학Ⅰ,2
군산중앙여자고등학교,생명과학Ⅰ,1
군산중앙여자고등학교,화학Ⅰ,1
군산중앙여자고등학교,통합과학,2
군산중앙여자고등학교,사회 과제 연구,1
군산중앙여자고등학교,여행지리,1
군산중앙여자고등학교,생활과 윤리,1
군산중앙여자고등학교,사회·문화,1
군산중앙여자고등학교,한국지리,1
군산중앙여자고등학교,통합사회,2
군산중앙여자고등학교,생명과학Ⅱ,2
군산중앙여자고등학교,운동과 건강,2
군산중앙여자고등학교,미술,1
군산중앙여자고등학교,음악 연주,1
군산중앙여자고등학교,미술 창작,1
군산중앙여자고등학교,기술·가정,1
군산중앙여자고등학교,정보,1
군산중앙여자고등학교,일본어Ⅰ,1
군산중앙여자고등학교,일본어Ⅱ,1
군산중앙여자고등학교,한문Ⅰ,2
군산중앙여자고등학교,중국 문화,1
군산중앙여자고등학교,인공지능 기초,1
군산중앙여자고등학교,국어,4
군산중앙여자고등학교,화법과 작문,3
군산중앙여자고등학교,문학,2
군산중앙여자고등학교,한국사,2
군산중앙여자고등학교,수학,3
군산중앙여자고등학교,수학Ⅰ,2
군산중앙여자고등학교,미적분,2
군산중앙여자고등학교,확률과 통계,1
군산중앙여자고등학교,영어,3
군산중앙여자고등학교,영어Ⅰ,2
군산중앙여자고등학교,진로 영어,3
동국대학교사범대학부속금산고등학교,체육,1
동국대학교사범대학부속금산고등학교,생명과학Ⅰ,1
동국대학교사범대학부속금산고등학교,화학Ⅰ,1
동국대학교사범대학부속금산고등학교,생활과 윤리,1
동국대학교사범대학부속금산고등학교,일본어Ⅰ,1
동국대학교사범대학부속금산고등학교,수학,1
동국대학교사범대학부속금산고등학교,문학,1
동국대학교사범대학부속금산고등학교,독서,1
동국대학교사범대학부속금산고등학교,영어,1
김제고등학교,통합과학,1
김제고등학교,생명과학Ⅰ,1
김제고등학교,음악,1
김제고등학교,미술,1
김제고등학교,한문,1
김제고등학교,보건,1
김제고등학교,통합사회,1
김제고등학교,한국사,1
김제고등학교,영어 회화,1
김제고등학교,영어,1
김제고등학교,수학Ⅰ,1
김제고등학교,수학,1
김제고등학교,문학,1
김제고등학교,화법과 작문,1
김제고등학교,국어,1
김제고등학교,운동과 건강,1
김제서고등학교,진로와 직업,1
김제서고등학교,한문Ⅰ,1
김제서고등학교,국어,1
김제서고등학교,수학,1
김제서고등학교,음악,1
김제서고등학교,한국사,1
김제서고등학교,통합과학,1
김제서고등학교,체육,1
김제서고등학교,영어,1
김제여자고등학교,스포츠 생활,1
김제여자고등학교,체육,1
김제여자고등학교,지구과학Ⅰ,1
김제여자고등학교,화학Ⅰ,1
김제여자고등학교,과학탐구실험,1
김제여자고등학교,통합과학,1
김제여자고등학교,한국 사회의 이해,1
김제여자고등학교,생활과 윤리,1
김제여자고등학교,사회·문화,1
김제여자고등학교,통합사회,1
김제여자고등학교,한국사,1
김제여자고등학교,영어Ⅰ,1
김제여자고등학교,영어,1
김제여자고등학교,심화 수학Ⅰ,1
김제여자고등학교,수학과제 탐구,1
김제여자고등학교,확률과 통계,1
김제여자고등학교,수학Ⅰ,1
김제여자고등학교,수학,1
김제여자고등학교,고전 읽기,1
김제여자고등학교,문학,2
김제여자고등학교,화법과 작문,1
김제여자고등학교,음악,1
김제여자고등학교,미술,2
김제여자고등학교,기술·가정,1
김제여자고등학교,진로와 직업,1
김제여자고등학교,일본어Ⅰ,1
김제여자고등학교,한문Ⅰ,1
김제여자고등학교,간호의 기초,1
김제여자고등학교,기타특수,2
김제여자고등학교,국어,1
김제여자고등학교,영어 독해와 작문,2
김제농생명마이스터고등학교,시설원예,1
김제농생명마이스터고등학교,건강 기능 식품 가공,1
김제농생명마이스터고등학교,화학 분석,1
김제농생명마이스터고등학교,실용 영어,1
김제농생명마이스터고등학교,영어,1
김제농생명마이스터고등학교,수학,1
김제농생명마이스터고등학교,국어,1
김제농생명마이스터고등학교,HMR편의식품가공,1
김제농생명마이스터고등학교,제형제제기술,1
김제농생명마이스터고등학교,바이오제약,1
김제농생명마이스터고등학교,식품위해인자제어실습,1
김제농생명마이스터고등학교,식품 품질 관리,1
김제농생명마이스터고등학교,식품 분석,1
김제농생명마이스터고등학교,식품 가공 기술,2
김제농생명마이스터고등학교,전기·전자 기초,1
김제농생명마이스터고등학교,화학 분석,1
김제농생명마이스터고등학교,농업용 기계 설치·정비,1
김제농생명마이스터고등학교,기타특수,2
김제농생명마이스터고등학교,일본어Ⅰ,1
김제농생명마이스터고등학교,정보,1
김제농생명마이스터고등학교,음악,1
김제농생명마이스터고등학교,체육,1
김제농생명마이스터고등학교,통합과학,2
김제농생명마이스터고등학교,통합사회,1
김제농생명마이스터고등학교,한국사,1
김제농생명마이스터고등학교,피복 아크 용접,1
김제농생명마이스터고등학교,임업 종묘,1
김제농생명마이스터고등학교,채소 재배,3
김제농생명마이스터고등학교,종자 생산,3
김제농생명마이스터고등학교,농업 기계 운전·작업,1
김제농생명마이스터고등학교,농업 기계,2
김제농생명마이스터고등학교,생명 공학 기술,1
김제농생명마이스터고등학교,농업용 기계 설치·정비,2
김제농생명마이스터고등학교,성공적인 직업생활,1
남성고등학교,한문Ⅰ,1
남성고등학교,중국어Ⅰ,1
남성고등학교,프랑스어Ⅰ,1
남성고등학교,공학 일반,1
남성고등학교,정보,1
남성고등학교,시나리오,1
남성고등학교,미술,2
남성고등학교,음악,1
남성고등학교,운동과 건강,1
남성고등학교,체육,2
남성고등학교,지구과학Ⅱ,1
남성고등학교,생명과학Ⅱ,1
남성고등학교,화학Ⅱ,1
남성고등학교,물리학Ⅱ,1
남성고등학교,지구과학Ⅰ,1
남성고등학교,생명과학Ⅰ,1
남성고등학교,화학Ⅰ,1
남성고등학교,물리학Ⅰ,1
남성고등학교,통합과학,1
남성고등학교,진로 영어,3
남성고등학교,영어Ⅰ,3
남성고등학교,영어,2
남성고등학교,통합수학Ⅰ,1
남성고등학교,심화 수학Ⅰ,2
남성고등학교,기하,1
남성고등학교,확률과 통계,1
남성고등학교,수학Ⅰ,3
남성고등학교,수학,2
남성고등학교,문학,3
남성고등학교,화법과 작문,3
남성고등학교,국어,2
남성고등학교,사회문제 탐구,1
남성고등학교,여행지리,1
남성고등학교,생활과 윤리,1
남성고등학교,사회·문화,1
남성고등학교,통합사회,3
남성고등학교,한국사,2
남원고등학교,지구과학Ⅰ,1
남원고등학교,물리학Ⅰ,1
남원고등학교,통합과학,2
남원고등학교,생활과 윤리,1
남원고등학교,사회·문화,1
남원고등학교,동아시아사,1
남원고등학교,세계지리,1
남원고등학교,통합사회,1
남원고등학교,한국사,1
남원고등학교,영어권 문화,2
남원고등학교,영어Ⅰ,2
남원고등학교,영어,1
남원고등학교,기하,1
남원고등학교,확률과 통계,1
남원고등학교,미적분,1
남원고등학교,수학Ⅰ,1
남원고등학교,수학,2
남원고등학교,심화 국어,1
남원고등학교,문학,2
남원고등학교,독서,1
남원고등학교,국어,2
남원고등학교,기타특수,1
남원고등학교,음악,1
남원고등학교,운동과 건강,1
남원고등학교,체육,2
남원고등학교,화학Ⅱ,1
남원고등학교,한문Ⅰ,1
남원고등학교,일본어Ⅰ,1
남원고등학교,진로와 직업,1
남원고등학교,기술·가정,1
남원고등학교,미술,1
남원용성고등학교,지적,1
남원용성고등학교,측량,2
남원용성고등학교,농업 기초 기술,1
남원용성고등학교,채소 재배,1
남원용성고등학교,3D 프린터용 제품 제작,1
남원용성고등학교,내선 공사,2
남원용성고등학교,전기 기기,1
남원용성고등학교,이산화탄소·가스 메탈 아크 용접,1
남원용성고등학교,건설기계운전,1
남원용성고등학교,컴퓨터 활용 생산,1
남원용성고등학교,선반 가공,1
남원용성고등학교,조경 설계,1
남원용성고등학교,조경 시공,1
남원용성고등학교,공업 일반,1
남원용성고등학교,성공적인 직업생활,1
남원용성고등학교,미술,1
남원용성고등학교,음악,1
남원용성고등학교,체육,1
남원용성고등학교,통합과학,1
남원용성고등학교,통합사회,1
남원용성고등학교,한국사,1
남원용성고등학교,영어,1
남원용성고등학교,수학,1
남원용성고등학교,기타특수,2
남원용성고등학교,국어,1
남원서진여자고등학교,인공지능 기초,1
남원서진여자고등학교,일본어Ⅰ,1
남원서진여자고등학교,보건,1
남원서진여자고등학교,정보,1
남원서진여자고등학교,미술,1
남원서진여자고등학교,음악,1
남원서진여자고등학교,스포츠 생활,2
남원서진여자고등학교,생활과 과학,1
남원서진여자고등학교,생명과학Ⅱ,1
남원서진여자고등학교,생명과학Ⅰ,1
남원서진여자고등학교,화학Ⅰ,1
남원서진여자고등학교,통합과학,1
남원서진여자고등학교,사회문제 탐구,1
남원서진여자고등학교,생활과 윤리,1
남원서진여자고등학교,사회·문화,1
남원서진여자고등학교,통합사회,1
남원서진여자고등학교,한국사,2
남원서진여자고등학교,영어권 문화,2
남원서진여자고등학교,영어Ⅰ,1
남원서진여자고등학교,영어,1
남원서진여자고등학교,확률과 통계,1
남원서진여자고등학교,수학Ⅰ,1
남원서진여자고등학교,수학,2
남원서진여자고등학교,문학,2
남원서진여자고등학교,국어,2
남원여자고등학교,생활과 윤리,1
남원여자고등학교,사회·문화,1
남원여자고등학교,정치와 법,1
남원여자고등학교,동아시아사,1
남원여자고등학교,세계지리,1
남원여자고등학교,한국사,1
남원여자고등학교,영어 독해와 작문,2
남원여자고등학교,영어Ⅰ,2
남원여자고등학교,영어,1
남원여자고등학교,확률과 통계,1
남원여자고등학교,미적분,1
남원여자고등학교,수학Ⅰ,1
남원여자고등학교,수학,2
남원여자고등학교,문학,2
남원여자고등학교,화법과 작문,2
남원여자고등학교,국어,1
남원여자고등학교,일본어Ⅰ,1
남원여자고등학교,정보,1
남원여자고등학교,기술·가정,1
남원여자고등학교,미술,1
남원여자고등학교,음악,1
남원여자고등학교,스포츠 생활,1
남원여자고등학교,체육,1
남원여자고등학교,지구과학Ⅱ,1
남원여자고등학교,생명과학Ⅱ,1
남원여자고등학교,생명과학Ⅰ,1
남원여자고등학교,화학Ⅰ,1
남원여자고등학교,물리학Ⅰ,1
남원여자고등학교,과학탐구실험,1
남원여자고등학교,여행지리,1
남원제일고등학교,한문Ⅰ,1
남원제일고등학교,피부 미용,1
남원제일고등학교,체육,1
남원제일고등학교,통합과학,1
남원제일고등학교,생활과 윤리,1
남원제일고등학교,통합사회,1
남원제일고등학교,한국사,1
남원제일고등학교,영어,1
남원제일고등학교,실용 수학,1
남원제일고등학교,수학,1
남원제일고등학교,국어,1
남원제일고등학교,칠공예,1
남원제일고등학교,목공예,1
남원제일고등학교,제빵,2
남원제일고등학교,급양 관리 실무,1
남원제일고등학교,서양 조리,1
남원제일고등학교,한국 조리,1
남원제일고등학교,식품과 영양,1
남원제일고등학교,네일 미용,1
남원제일고등학교,메이크업,1
남원제일고등학교,피부 미용,1
남원제일고등학교,헤어 미용,1
남원제일고등학교,제품 디자인,1
남원제일고등학교,음악,1
남원국악예술고등학교,종교학,1
남원국악예술고등학교,한문Ⅰ,1
남원국악예술고등학교,정보,1
남원국악예술고등학교,촬영·편집 실습,1
남원국악예술고등학교,보컬Ⅱ,1
남원국악예술고등학교,베이스기타Ⅰ,1
남원국악예술고등학교,무용 전공 실기Ⅱ,1
남원국악예술고등학교,무용 전공 실기Ⅰ,2
남원국악예술고등학교,음악전공실기Ⅱ,3
남원국악예술고등학교,음악전공실기Ⅰ,3
남원국악예술고등학교,시창·청음Ⅱ,2
남원국악예술고등학교,국악 합창Ⅱ,1
남원국악예술고등학교,국악전공실기Ⅱ,6
남원국악예술고등학교,국악전공실기Ⅰ,5
남원국악예술고등학교,국악이론,1
남원국악예술고등학교,수학,1
남원국악예술고등학교,문학,1
남원국악예술고등학교,국악전공실기,4
남원국악예술고등학교,전공실기2,1
남원국악예술고등학교,전공실기1,1
남원국악예술고등학교,기타,1
남원국악예술고등학교,가야금 병창,1
남원국악예술고등학교,발레,1
남원국악예술고등학교,현대무용,1
남원국악예술고등학교,한국무용,1
남원국악예술고등학교,해금,2
남원국악예술고등학교,피리,1
남원국악예술고등학교,판소리,12
남원국악예술고등학교,국악타악,7
남원국악예술고등학교,거문고,1
남원국악예술고등학교,가야금,3
남원국악예술고등학교,영화 제작 실습,1
남원국악예술고등학교,독서,1
남원국악예술고등학교,국어,1
남원국악예술고등학교,영화의 이해,1
남원국악예술고등학교,연기,1
남원국악예술고등학교,연극의 이해,1
남원국악예술고등학교,무용 전공 실기,1
남원국악예술고등학교,공연 실습,1
남원국악예술고등학교,합창,1
남원국악예술고등학교,음악 전공 실기,2
남원국악예술고등학교,정보,1
남원국악예술고등학교,운동과 건강,1
남원국악예술고등학교,체육,1
남원국악예술고등학교,생명과학Ⅰ,1
남원국악예술고등학교,통합과학,1
남원국악예술고등학교,윤리와 사상,1
남원국악예술고등학교,사회·문화,1
남원국악예술고등학교,통합사회,1
남원국악예술고등학교,한국사,1
남원국악예술고등학교,영어Ⅱ,1
남원국악예술고등학교,영어,2
남원국악예술고등학교,수학Ⅰ,1
덕암고등학교,화학Ⅰ,1
덕암고등학교,생물1,1
덕암고등학교,일본어Ⅰ,1
덕암고등학교,정보,1
덕암고등학교,기술·가정,1
덕암고등학교,미술 창작,1
덕암고등학교,음악,1
덕암고등학교,운동과 건강,1
덕암고등학교,체육,1
덕암고등학교,생활과 과학,2
덕암고등학교,물리학Ⅰ,1
덕암고등학교,통합과학,1
덕암고등학교,생활과 윤리,1
덕암고등학교,통합사회,2
덕암고등학교,사회,1
덕암고등학교,한국사,2
덕암고등학교,영어 독해와 작문,3
덕암고등학교,영어Ⅰ,2
덕암고등학교,영어,2
덕암고등학교,미적분,2
덕암고등학교,수학Ⅰ,1
덕암고등학교,수학,4
덕암고등학교,화법과 작문,3
덕암고등학교,국어,4
덕암정보고등학교,중국어Ⅰ,1
덕암정보고등학교,진로와 직업,2
덕암정보고등학교,기술·가정,1
덕암정보고등학교,미술,1
덕암정보고등학교,음악,1
덕암정보고등학교,운동과 건강,1
덕암정보고등학교,한문Ⅰ,1
덕암정보고등학교,서양 조리,1
덕암정보고등학교,한국 조리,2
덕암정보고등학교,네일 미용,1
덕암정보고등학교,메이크업,1
덕암정보고등학교,피부 미용,2
덕암정보고등학교,헤어 미용,3
덕암정보고등학교,컴퓨터 그래픽,1
덕암정보고등학교,인간 발달,1
덕암정보고등학교,전자 상거래 실무,1
덕암정보고등학교,창구 사무,1
덕암정보고등학교,회계 실무,1
덕암정보고등학교,사무 행정,1
덕암정보고등학교,창업 일반,1
덕암정보고등학교,회계 원리,1
덕암정보고등학교,사무 관리,1
덕암정보고등학교,기업과 경영,1
덕암정보고등학교,성공적인 직업생활,1
덕암정보고등학교,체육,1
덕암정보고등학교,통합과학,2
덕암정보고등학교,통합사회,1
덕암정보고등학교,한국사,2
덕암정보고등학교,실용 영어,1
덕암정보고등학교,영어,2
덕암정보고등학교,수학,3
덕암정보고등학교,국어,2
덕암정보고등학교,제빵,1
덕암정보고등학교,제과,1
덕암정보고등학교,프로그래밍,1
덕암정보고등학교,3D 프린터용 제품 제작,2
덕암정보고등학교,전자 회로,1
덕암정보고등학교,중식 조리,1
동계고등학교,여행지리,1
동계고등학교,세계사,1
동계고등학교,영어,1
동계고등학교,수학,1
동계고등학교,기타특수,1
동계고등학교,도덕,1
동계고등학교,국어,1
동계고등학교,보건,1
동계고등학교,중국어Ⅰ,1
동계고등학교,음악,1
동계고등학교,화학Ⅰ,1
동암고등학교,통합사회,2
동암고등학교,한국사,2
동암고등학교,영어권 문화,4
동암고등학교,영어Ⅰ,2
동암고등학교,영어,2
동암고등학교,확률과 통계,3
동암고등학교,미적분,1
동암고등학교,수학Ⅰ,2
동암고등학교,수학,3
동암고등학교,문학,2
동암고등학교,언어와 매체,1
동암고등학교,화법과 작문,3
동암고등학교,국어,3
동암고등학교,중국어Ⅰ,1
동암고등학교,일본어Ⅰ,1
동암고등학교,환경,1
동암고등학교,한문,1
동암고등학교,정보,1
동암고등학교,기술·가정,1
동암고등학교,미술,2
동암고등학교,음악,1
동암고등학교,스포츠 생활,1
동암고등학교,체육,2
동암고등학교,지구과학Ⅱ,2
동암고등학교,생명과학Ⅱ,1
동암고등학교,생명과학Ⅰ,1
동암고등학교,화학Ⅰ,1
동암고등학교,물리학Ⅰ,1
동암고등학교,통합과학,2
동암고등학교,여행지리,1
동암고등학교,생활과 윤리,1
동암고등학교,정치와 법,1
동암고등학교,세계지리,1
마령고등학교,문학,1
마령고등학교,수학,1
마령고등학교,영어Ⅰ,1
마령고등학교,한국지리,1
마령고등학교,동아시아사,1
마령고등학교,지구과학Ⅰ,1
마령고등학교,체육,1
마령고등학교,국어,1
만경고등학교,실용 영어,1
만경고등학교,영어,1
만경고등학교,수학Ⅰ,1
만경고등학교,수학,1
만경고등학교,문학,2
만경고등학교,한국사,1
만경고등학교,통합사회,1
만경고등학교,중국어Ⅰ,1
만경고등학교,생활과 윤리,1
만경고등학교,통합과학,1
만경고등학교,스포츠 생활,1
만경고등학교,정보,1
만경고등학교,진로와 직업,1
만경고등학교,보건,1
만경여자고등학교,보건,1
만경여자고등학교,정보,1
만경여자고등학교,음악,1
만경여자고등학교,운동과 건강,1
만경여자고등학교,통합과학,1
만경여자고등학교,윤리와 사상,1
만경여자고등학교,한국사,1
만경여자고등학교,영어,1
만경여자고등학교,수학,1
만경여자고등학교,국어,1
만경여자고등학교,문학,1
무주고등학교,기타특수,1
무주고등학교,확률과 통계,1
무주고등학교,미적분,1
무주고등학교,수학Ⅰ,2
무주고등학교,문학,1
무주고등학교,화법과 작문,2
무주고등학교,국어,1
무주고등학교,논술,1
무주고등학교,한문Ⅰ,1
무주고등학교,보건,1
무주고등학교,기술·가정,1
무주고등학교,미술 창작,1
무주고등학교,음악,1
무주고등학교,체육,1
무주고등학교,생명과학Ⅱ,1
무주고등학교,생명과학Ⅰ,1
무주고등학교,화학Ⅰ,1
무주고등학교,과학탐구실험,1
무주고등학교,통합과학,1
무주고등학교,사회문제 탐구,2
무주고등학교,생활과 윤리,1
무주고등학교,통합사회,1
무주고등학교,한국사,1
무주고등학교,영어 독해와 작문,2
무주고등학교,영어Ⅰ,1
무주고등학교,영어,1
무풍고등학교,기술·가정,1
무풍고등학교,음악,1
무풍고등학교,통합과학,1
무풍고등학교,한국사,1
무풍고등학교,영어,1
무풍고등학교,수학,1
무풍고등학교,화법과 작문,1
무풍고등학교,보건,1
배영고등학교,중국어Ⅰ,1
배영고등학교,미술,1
배영고등학교,음악,1
배영고등학교,체육,2
배영고등학교,생명과학Ⅱ,1
배영고등학교,화학Ⅱ,1
배영고등학교,생명과학Ⅰ,1
배영고등학교,화학Ⅰ,1
배영고등학교,물리학Ⅰ,1
배영고등학교,생활과 윤리,1
배영고등학교,사회·문화,1
배영고등학교,경제,1
배영고등학교,한국사,1
배영고등학교,진로 영어,2
배영고등학교,영어Ⅰ,2
배영고등학교,영어,1
배영고등학교,기하,1
배영고등학교,확률과 통계,1
배영고등학교,수학,3
배영고등학교,문학,2
배영고등학교,언어와 매체,2
배영고등학교,국어,1
백산고등학교,물리학Ⅰ,1
백산고등학교,통합과학,1
백산고등학교,정치와 법,1
백산고등학교,통합사회,1
백산고등학교,한국사,1
백산고등학교,영어 독해와 작문,1
백산고등학교,영어Ⅰ,1
백산고등학교,영어,1
백산고등학교,미적분,1
백산고등학교,수학Ⅰ,1
백산고등학교,수학,1
백산고등학교,언어와 매체,1
백산고등학교,국어,1
백산고등학교,문학,1
백산고등학교,일본어Ⅰ,1
백산고등학교,음악,1
백산고등학교,운동과 건강,1
백산고등학교,지구과학Ⅰ,1
백화고등학교,독서,1
백화고등학교,일본어Ⅰ,1
백화고등학교,진로와 직업,1
백화고등학교,기술·가정,1
백화고등학교,통합과학,1
백화고등학교,생활과 윤리,1
백화고등학교,통합사회,1
백화고등학교,영어 독해와 작문,1
백화고등학교,영어Ⅰ,1
백화고등학교,수학Ⅰ,1
백화고등학교,수학,1
부안고등학교,음악,1
부안고등학교,체육,2
부안고등학교,생명과학Ⅱ,1
부안고등학교,물리학Ⅱ,1
부안고등학교,지구과학Ⅰ,1
부안고등학교,과학탐구실험,1
부안고등학교,통합과학,2
부안고등학교,생활과 윤리,1
부안고등학교,사회·문화,1
부안고등학교,경제,1
부안고등학교,통합사회,2
부안고등학교,한국사,1
부안고등학교,영어 독해와 작문,1
부안고등학교,영어Ⅰ,2
부안고등학교,영어,2
부안고등학교,확률과 통계,1
부안고등학교,수학Ⅰ,2
부안고등학교,수학,2
부안고등학교,문학,2
부안고등학교,화법과 작문,2
부안고등학교,국어,2
부안고등학교,일본어Ⅰ,1
부안고등학교,진로와 직업,1
부안고등학교,정보,1
부안고등학교,미술,1
전북베이커리고등학교,떡 제조,1
전북베이커리고등학교,제과,1
전북베이커리고등학교,음료·주류 가공,1
전북베이커리고등학교,바리스타,1
전북베이커리고등학교,한문Ⅰ,1
전북베이커리고등학교,국어,1
전북베이커리고등학교,음악,1
전북베이커리고등학교,체육,1
전북베이커리고등학교,영어,1
전북베이커리고등학교,기타특수,2
전북베이커리고등학교,진로와 직업,1
부안여자고등학교,사회·문화,1
부안여자고등학교,경제,1
부안여자고등학교,통합사회,1
부안여자고등학교,한국사,1
부안여자고등학교,영어권 문화,1
부안여자고등학교,영어Ⅰ,1
부안여자고등학교,영어,2
부안여자고등학교,미적분,1
부안여자고등학교,수학Ⅰ,1
부안여자고등학교,수학,1
부안여자고등학교,문학,2
부안여자고등학교,화법과 작문,1
부안여자고등학교,국어,1
부안여자고등학교,중국어Ⅱ,1
부안여자고등학교,일본어Ⅱ,1
부안여자고등학교,정보,1
부안여자고등학교,미술,1
부안여자고등학교,음악,1
부안여자고등학교,스포츠 생활,1
부안여자고등학교,체육,1
부안여자고등학교,화학Ⅱ,1
부안여자고등학교,지구과학Ⅰ,1
부안여자고등학교,생명과학Ⅰ,1
부안여자고등학교,물리학Ⅰ,1
부안여자고등학교,윤리와 사상,1
서림고등학교,보건,1
서림고등학교,정보,1
서림고등학교,기술·가정,1
서림고등학교,미술,1
서림고등학교,음악,1
서림고등학교,체육,1
서림고등학교,생명과학Ⅰ,1
서림고등학교,화학Ⅰ,1
서림고등학교,생활과 윤리,1
서림고등학교,한국지리,1
서림고등학교,통합사회,1
서림고등학교,한국사,1
서림고등학교,영어 독해와 작문,1
서림고등학교,영어Ⅰ,1
서림고등학교,통합과학,1
서림고등학교,영어,1
서림고등학교,실용 수학,1
서림고등학교,수학Ⅰ,1
서림고등학교,수학,1
서림고등학교,기타특수,1
서림고등학교,문학,1
서림고등학교,화법과 작문,1
서림고등학교,진로와 직업,1
서림고등학교,국어,1
산서고등학교,진로와 직업,1
산서고등학교,보건,1
산서고등학교,체육,1
산서고등학교,지구과학Ⅰ,1
산서고등학교,역사,1
산서고등학교,사회,1
산서고등학교,영어Ⅱ,1
산서고등학교,확률과 통계,1
산서고등학교,독서,1
수소에너지고등학교,밀링 가공,4
수소에너지고등학교,기계 제어 설계,5
수소에너지고등학교,기계요소 설계,1
수소에너지고등학교,기타특수,1
수소에너지고등학교,진로와 직업,1
수소에너지고등학교,보건,1
수소에너지고등학교,음악,1
수소에너지고등학교,운동과 건강,1
수소에너지고등학교,통합과학,1
수소에너지고등학교,통합사회,1
수소에너지고등학교,진로 영어,2
수소에너지고등학교,수학Ⅰ,1
수소에너지고등학교,문학,1
수소에너지고등학교,기계 소프트웨어 개발,1
수소에너지고등학교,소형 무인기 운용 조종,2
수소에너지고등학교,드론 정비,1
수소에너지고등학교,내선 공사,5
수소에너지고등학교,전기 회로,1
수소에너지고등학교,이산화탄소·가스 메탈 아크 용접,2
수소에너지고등학교,피복 아크 용접,1
수소에너지고등학교,기계 소프트웨어 개발,1
수소에너지고등학교,소형 무인기 정비,1
수소에너지고등학교,항공기 전기·전자 장비 정비,1
상산고등학교,통합사회,4
상산고등학교,영어,2
상산고등학교,수학적 사고와 적분,3
상산고등학교,한국사,2
상산고등학교,심화 영어 독해Ⅰ,3
상산고등학교,영어Ⅰ,3
상산고등학교,고급 수학Ⅰ,1
상산고등학교,수학Ⅱ,5
상산고등학교,수학Ⅰ,1
상산고등학교,수학,3
상산고등학교,문학,4
상산고등학교,독서,3
상산고등학교,국어,3
상산고등학교,논술,1
상산고등학교,철학,1
상산고등학교,한문Ⅰ,1
상산고등학교,중국어Ⅰ,1
상산고등학교,일본어Ⅰ,1
상산고등학교,미술 감상과 비평,1
상산고등학교,음악 감상과 비평,1
상산고등학교,운동과 건강,1
상산고등학교,체육,2
상산고등학교,심화지구과학,1
상산고등학교,심화생명과학,1
상산고등학교,심화화학,1
상산고등학교,인공지능 기초,1
상산고등학교,심화물리,1
상산고등학교,고급 지구과학,1
상산고등학교,고급 생명과학,1
상산고등학교,고급 화학,1
상산고등학교,고급 물리학,1
상산고등학교,생명과학Ⅰ,3
상산고등학교,화학Ⅰ,2
상산고등학교,물리학Ⅰ,2
상산고등학교,통합과학,4
상산고등학교,현대 세계의 변화,1
상산고등학교,고전과 윤리,1
상산고등학교,사회문제 탐구,1
서영여자고등학교,영어 독해와 작문,1
서영여자고등학교,영어Ⅰ,2
서영여자고등학교,영어,2
서영여자고등학교,수학과제 탐구,1
서영여자고등학교,미적분,1
서영여자고등학교,수학Ⅰ,2
서영여자고등학교,수학,2
서영여자고등학교,언어와 매체,2
서영여자고등학교,독서,1
서영여자고등학교,국어,2
서영여자고등학교,생활과 윤리,1
서영여자고등학교,한문Ⅰ,1
서영여자고등학교,중국어Ⅰ,1
서영여자고등학교,정보,1
서영여자고등학교,미술,1
서영여자고등학교,음악,1
서영여자고등학교,운동과 건강,1
서영여자고등학교,체육,1
서영여자고등학교,과학사,1
서영여자고등학교,지구과학Ⅰ,1
서영여자고등학교,생명과학Ⅰ,1
서영여자고등학교,화학Ⅰ,1
서영여자고등학교,통합과학,1
서영여자고등학교,윤리와 사상,1
서영여자고등학교,사회·문화,1
서영여자고등학교,정치와 법,1
서영여자고등학교,통합사회,1
서영여자고등학교,한국사,1
설천고등학교,기타특수,1
설천고등학교,인체 구조와 기능,1
설천고등학교,심리학,1
설천고등학교,체육,1
설천고등학교,화학Ⅰ,1
설천고등학교,과학,1
설천고등학교,한국사,1
설천고등학교,영어,1
설천고등학교,확률과 통계,1
설천고등학교,화법과 작문,1
설천고등학교,국어,1
성원고등학교,음악,1
성원고등학교,운동과 건강,1
성원고등학교,체육,1
성원고등학교,지구과학Ⅰ,1
성원고등학교,생명과학Ⅰ,1
성원고등학교,통합과학,2
성원고등학교,사회문제 탐구,1
성원고등학교,생활과 윤리,1
성원고등학교,통합사회,2
성원고등학교,한국사,1
성원고등학교,진로 영어,1
성원고등학교,영어 독해와 작문,1
성원고등학교,영어Ⅰ,1
성원고등학교,영어,1
성원고등학교,기하,1
성원고등학교,미적분,1
성원고등학교,수학Ⅰ,1
성원고등학교,수학,1
성원고등학교,문학,1
성원고등학교,언어와 매체,1
성원고등학교,화법과 작문,1
성원고등학교,국어,1
성원고등학교,인공지능 기초,1
성원고등학교,심리학,1
성원고등학교,한문Ⅰ,1
성원고등학교,중국어Ⅰ,1
성원고등학교,보건,1
성원고등학교,미술 창작,1
성일고등학교,종교학,1
성일고등학교,진로와 직업,1
성일고등학교,미술,1
성일고등학교,운동과 건강,1
성일고등학교,체육,1
성일고등학교,생명과학Ⅰ,1
성일고등학교,화학Ⅰ,1
성일고등학교,보건,1
성일고등학교,정보,1
성일고등학교,사회·문화,1
성일고등학교,통합사회,1
성일고등학교,한국사,1
성일고등학교,영어Ⅱ,1
성일고등학교,영어Ⅰ,1
성일고등학교,미적분,1
성일고등학교,수학Ⅰ,1
성일고등학교,수학,2
성일고등학교,물리학Ⅰ,1
성일고등학교,문학,1
성일고등학교,독서,1
성일고등학교,국어,1
세인고등학교,수학Ⅰ,1
세인고등학교,수학,1
세인고등학교,영어Ⅰ,1
세인고등학교,한국사,1
세인고등학교,통합사회,1
세인고등학교,사회·문화,1
세인고등학교,통합과학,1
세인고등학교,생명과학Ⅰ,1
세인고등학교,체육,1
세인고등학교,음악,1
세인고등학교,미술,1
세인고등학교,기술·가정,1
세인고등학교,수학과제 탐구,1
세인고등학교,현대문학 감상,1
세인고등학교,종교와생활Ⅱ,1
세인고등학교,진로 영어,1
세인고등학교,국어,1
세인고등학교,독서,1
세인고등학교,영어,1
전주솔내고등학교,영어 독해와 작문,2
전주솔내고등학교,기타특수,2
전주솔내고등학교,기타과목,1
전주솔내고등학교,한문Ⅰ,1
전주솔내고등학교,중국어Ⅰ,1
전주솔내고등학교,일본어Ⅰ,1
전주솔내고등학교,기술·가정,1
전주솔내고등학교,수학Ⅰ,2
전주솔내고등학교,수학,3
전주솔내고등학교,고전 읽기,1
전주솔내고등학교,문학,3
전주솔내고등학교,화법과 작문,2
전주솔내고등학교,국어,3
전주솔내고등학교,미적분,1
전주솔내고등학교,영어Ⅰ,3
전주솔내고등학교,영어,2
전주솔내고등학교,확률과 통계,3
전주솔내고등학교,영미 문학 읽기,2
전주솔내고등학교,한국사,3
전주솔내고등학교,통합사회,2
전주솔내고등학교,한국지리,1
전주솔내고등학교,세계지리,1
전주솔내고등학교,정치와 법,1
전주솔내고등학교,생활과 윤리,1
전주솔내고등학교,윤리와 사상,1
전주솔내고등학교,통합과학,2
전주솔내고등학교,과학탐구실험,1
전주솔내고등학교,화학Ⅰ,1
전주솔내고등학교,생명과학Ⅰ,2
전주솔내고등학교,지구과학Ⅰ,1
전주솔내고등학교,화학Ⅱ,1
전주솔내고등학교,생명과학Ⅱ,1
전주솔내고등학교,운동과 건강,2
전주솔내고등학교,체육 탐구,1
전주솔내고등학교,사회·문화,1
전주솔내고등학교,미술,1
전주솔내고등학교,음악,1
순창고등학교,체육,2
순창고등학교,생명과학Ⅱ,1
순창고등학교,화학Ⅱ,1
순창고등학교,물리학Ⅱ,1
순창고등학교,지구과학Ⅰ,1
순창고등학교,통합과학,1
순창고등학교,한국 사회의 이해,1
순창고등학교,사회문제 탐구,1
순창고등학교,프로그래밍,1
순창고등학교,생활과 윤리,1
순창고등학교,통합사회,1
순창고등학교,한국사,1
순창고등학교,진로 영어,1
순창고등학교,영어Ⅰ,2
순창고등학교,영어,1
순창고등학교,수학과제 탐구,1
순창고등학교,여행지리,1
순창고등학교,일본어Ⅰ,1
순창고등학교,진로와 직업,1
순창고등학교,기술·가정,1
순창고등학교,미술,1
순창고등학교,심화 국어,1
순창고등학교,문학,2
순창고등학교,화법과 작문,1
순창고등학교,국어,1
순창고등학교,확률과 통계,1
순창고등학교,미적분,1
순창고등학교,수학Ⅰ,2
순창제일고등학교,기타과목,1
순창제일고등학교,한문Ⅰ,1
순창제일고등학교,일본어Ⅰ,1
순창제일고등학교,진로와 직업,1
순창제일고등학교,기술·가정,1
순창제일고등학교,미술,1
순창제일고등학교,음악,1
순창제일고등학교,운동과 건강,1
순창제일고등학교,체육,1
순창제일고등학교,생명과학Ⅰ,1
순창제일고등학교,화학Ⅰ,1
순창제일고등학교,통합과학,2
순창제일고등학교,생활과 윤리,1
순창제일고등학교,사회·문화,1
순창제일고등학교,한국지리,1
순창제일고등학교,한국사,1
순창제일고등학교,영어Ⅱ,2
순창제일고등학교,영어Ⅰ,1
순창제일고등학교,영어,1
순창제일고등학교,기하,1
순창제일고등학교,확률과 통계,1
순창제일고등학교,수학Ⅰ,1
순창제일고등학교,수학,1
순창제일고등학교,문학,2
순창제일고등학교,화법과 작문,1
순창제일고등학교,국어,1
신태인고등학교,국어,1
신태인고등학교,생활과 윤리,1
신태인고등학교,수학,1
신태인고등학교,미적분,1
신태인고등학교,영어,1
신태인고등학교,영어Ⅰ,1
신태인고등학교,한국사,1
신태인고등학교,사회·문화,1
신태인고등학교,진로와 직업,1
신태인고등학교,음악 감상과 비평,1
신태인고등학교,체육,1
신태인고등학교,지구과학Ⅰ,1
신태인고등학교,생명과학Ⅰ,1
신태인고등학교,화학Ⅰ,1
신태인고등학교,문학,1
안성고등학교,문학,1
안성고등학교,화법과 작문,1
안성고등학교,수학,1
안성고등학교,미적분,1
안성고등학교,영어,1
안성고등학교,영어권 문화,1
안성고등학교,한국사,1
안성고등학교,통합사회,1
안성고등학교,국어,1
안성고등학교,진로와 직업,1
안성고등학교,보건,1
안성고등학교,음악,1
안성고등학교,체육,1
안성고등학교,생명과학Ⅰ,1
안성고등학교,통합과학,1
안천고등학교,통합과학,1
안천고등학교,통합사회,1
안천고등학교,역사,1
안천고등학교,영어,1
안천고등학교,확률과 통계,1
안천고등학교,진로와 직업,1
안천고등학교,국어,1
안천고등학교,미술,1
여산고등학교,일본어Ⅰ,1
여산고등학교,체육,1
여산고등학교,통합과학,1
여산고등학교,통합사회,1
여산고등학교,한국사,1
여산고등학교,영어,1
여산고등학교,수학,1
여산고등학교,국어,1
전북인공지능고등학교,농업 정보 관리,1
전북인공지능고등학교,국어,1
전북인공지능고등학교,자동차 도장,1
전북인공지능고등학교,자동차 섀시 정비,1
전북인공지능고등학교,자동차 전기·전자 장치 정비,1
전북인공지능고등학교,조경 시공,1
전북인공지능고등학교,비즈니스 영어,1
전북인공지능고등학교,일본어Ⅰ,1
전북인공지능고등학교,보건,1
전북인공지능고등학교,미술,1
전북인공지능고등학교,체육,1
전북인공지능고등학교,통합과학,2
전북인공지능고등학교,통합사회,1
전북인공지능고등학교,한국사,1
전북인공지능고등학교,영어,1
전북인공지능고등학교,수학Ⅰ,1
전북인공지능고등학교,수학,1
전북인공지능고등학교,문학,1
전북인공지능고등학교,재배,1
전북펫고등학교,동물 자원,2
전북펫고등학교,가스 텅스텐 아크 용접,1
전북펫고등학교,건설기계운전,1
전북펫고등학교,기타특수,1
전북펫고등학교,운동과 건강,1
전북펫고등학교,영어,1
전북펫고등학교,수학,1
전북펫고등학교,국어,1
전주대학교사범대학부설고등학교,종교학,1
전주대학교사범대학부설고등학교,한문Ⅰ,1
전주대학교사범대학부설고등학교,환경,1
전주대학교사범대학부설고등학교,정보,1
전주대학교사범대학부설고등학교,기술·가정,1
전주대학교사범대학부설고등학교,미술 창작,1
전주대학교사범대학부설고등학교,음악 연주,1
전주대학교사범대학부설고등학교,운동과 건강,1
전주대학교사범대학부설고등학교,체육,2
전주대학교사범대학부설고등학교,화학Ⅱ,1
전주대학교사범대학부설고등학교,지구과학Ⅰ,1
전주대학교사범대학부설고등학교,생명과학Ⅰ,2
전주대학교사범대학부설고등학교,통합과학,3
전주대학교사범대학부설고등학교,고전과 윤리,1
전주대학교사범대학부설고등학교,생활과 윤리,1
전주대학교사범대학부설고등학교,사회·문화,1
전주대학교사범대학부설고등학교,한국지리,1
전주대학교사범대학부설고등학교,통합사회,2
전주대학교사범대학부설고등학교,한국사,2
전주대학교사범대학부설고등학교,영어 독해와 작문,2
전주대학교사범대학부설고등학교,영어Ⅰ,2
전주대학교사범대학부설고등학교,영어,3
전주대학교사범대학부설고등학교,확률과 통계,2
전주대학교사범대학부설고등학교,미적분,1
전주대학교사범대학부설고등학교,수학Ⅰ,2
전주대학교사범대학부설고등학교,수학,2
전주대학교사범대학부설고등학교,문학,2
전주대학교사범대학부설고등학교,화법과 작문,3
전주대학교사범대학부설고등학교,국어,3
완산고등학교,심리학,1
완산고등학교,한문Ⅰ,1
완산고등학교,일본어Ⅰ,1
완산고등학교,창의 경영,1
완산고등학교,보건,1
완산고등학교,미술 감상과 비평,1
완산고등학교,연극,1
완산고등학교,미술,1
완산고등학교,음악,1
완산고등학교,통합사회,2
완산고등학교,진로와 직업,1
완산고등학교,한국사,2
완산고등학교,영어 독해와 작문,3
완산고등학교,영어Ⅰ,2
완산고등학교,영어,2
완산고등학교,수학과제 탐구,1
완산고등학교,경제 수학,1
완산고등학교,미적분,1
완산고등학교,여행지리,1
완산고등학교,수학Ⅰ,2
완산고등학교,수학,3
완산고등학교,심화 국어,1
완산고등학교,문학,1
완산고등학교,독서,1
완산고등학교,화법과 작문,2
완산고등학교,국어,2
완산고등학교,통합과학,3
완산고등학교,생활과 윤리,1
완산고등학교,세계사,1
완산고등학교,스포츠 생활,1
완산고등학교,운동과 건강,1
완산고등학교,체육,1
완산고등학교,지구과학Ⅰ,1
완산고등학교,생명과학Ⅰ,1
완산고등학교,화학Ⅰ,1
완산고등학교,물리학Ⅰ,1
완산여자고등학교,한국사,1
완산여자고등학교,영어,1
완산여자고등학교,수학Ⅰ,1
완산여자고등학교,수학,3
완산여자고등학교,국어,1
완산여자고등학교,기업 자원 통합 관리,1
완산여자고등학교,회계 정보 처리 시스템,1
완산여자고등학교,성공적인 직업생활,1
완산여자고등학교,진로와 직업,1
완산여자고등학교,기술·가정,1
완산여자고등학교,미술,1
완산여자고등학교,음악,1
완산여자고등학교,정보 처리와 관리,1
완산여자고등학교,정보,2
완산여자고등학교,바텐더,1
완산여자고등학교,관광 중국어,1
완산여자고등학교,관광 영어,1
완산여자고등학교,비서,1
완산여자고등학교,전자 상거래 실무,1
완산여자고등학교,노무 관리,1
완산여자고등학교,체육,1
완산여자고등학교,통합과학,1
완산여자고등학교,사회·문화,1
완산여자고등학교,통합사회,1
완주고등학교,통합과학,1
완주고등학교,생명과학Ⅰ,1
완주고등학교,지구과학Ⅰ,1
완주고등학교,생활과 과학,1
완주고등학교,국어,2
완주고등학교,화법과 작문,2
완주고등학교,문학,2
완주고등학교,수학,2
완주고등학교,수학Ⅰ,1
완주고등학교,한문Ⅰ,1
완주고등학교,중국어Ⅱ,1
완주고등학교,일본어Ⅰ,1
완주고등학교,진로와 직업,1
완주고등학교,기술·가정,1
완주고등학교,미술,1
완주고등학교,음악,1
완주고등학교,운동과 건강,1
완주고등학교,체육,1
완주고등학교,물리학Ⅰ,1
완주고등학교,과학탐구실험,1
완주고등학교,화학Ⅰ,1
완주고등학교,사회문제 탐구,1
완주고등학교,생활과 윤리,1
완주고등학교,사회·문화,1
완주고등학교,세계지리,1
완주고등학교,통합사회,1
완주고등학교,한국사,2
완주고등학교,영어 독해와 작문,2
완주고등학교,영어Ⅰ,2
완주고등학교,영어,2
완주고등학교,확률과 통계,1
완주고등학교,미적분,1
완주고등학교,수학Ⅱ,1
왕신여자고등학교,국어,1
왕신여자고등학교,수학,1
왕신여자고등학교,영어,1
왕신여자고등학교,사회·문화,1
왕신여자고등학교,한문Ⅰ,1
왕신여자고등학교,체육,1
왕신여자고등학교,음악,1
왕신여자고등학교,진로와 직업,1
왕신여자고등학교,생명과학Ⅰ,1
우석고등학교,중국 문화,1
우석고등학교,일본어Ⅰ,1
우석고등학교,진로와 직업,1
우석고등학교,음악 감상과 비평,1
우석고등학교,미술,1
우석고등학교,생활과 한문,1
우석고등학교,확률과 통계,2
우석고등학교,미적분,1
우석고등학교,수학Ⅰ,3
우석고등학교,수학,3
우석고등학교,문학,3
우석고등학교,언어와 매체,1
우석고등학교,화법과 작문,2
우석고등학교,국어,3
우석고등학교,물리학Ⅰ,1
우석고등학교,통합과학,3
우석고등학교,세계 문제와 미래 사회,1
우석고등학교,윤리와 사상,1
우석고등학교,생활과 윤리,1
우석고등학교,경제,1
우석고등학교,통합사회,2
우석고등학교,한국사,4
우석고등학교,진로 영어,3
우석고등학교,영어Ⅰ,3
우석고등학교,음악,2
우석고등학교,스포츠 생활,1
우석고등학교,운동과 건강,1
우석고등학교,체육,2
우석고등학교,과학사,1
우석고등학교,물리학Ⅱ,1
우석고등학교,지구과학Ⅰ,1
우석고등학교,생명과학Ⅰ,1
우석고등학교,화학Ⅰ,1
우석고등학교,영어,3
전북여자고등학교,운동과 건강,2
전북여자고등학교,체육,1
전북여자고등학교,지구과학Ⅱ,1
전북여자고등학교,생명과학Ⅱ,1
전북여자고등학교,지구과학Ⅰ,1
전북여자고등학교,생명과학Ⅰ,1
전북여자고등학교,화학Ⅰ,1
전북여자고등학교,통합과학,3
전북여자고등학교,세계 문제와 미래 사회,1
전북여자고등학교,고전과 윤리,1
전북여자고등학교,사회문제 탐구,2
전북여자고등학교,생활과 윤리,1
전북여자고등학교,한국지리,1
전북여자고등학교,진로와 직업,1
전북여자고등학교,미술,1
전북여자고등학교,음악,2
전북여자고등학교,한국사,2
전북여자고등학교,심화 영어Ⅰ,1
전북여자고등학교,영어 독해와 작문,2
전북여자고등학교,영어Ⅰ,2
전북여자고등학교,영어,3
전북여자고등학교,심화 수학Ⅰ,1
전북여자고등학교,경제 수학,2
전북여자고등학교,수학Ⅱ,2
전북여자고등학교,수학Ⅰ,2
전북여자고등학교,수학,3
전북여자고등학교,문학,3
전북여자고등학교,언어와 매체,3
전북여자고등학교,국어,3
전북여자고등학교,통합사회,2
전북여자고등학교,철학,1
전북여자고등학교,한문Ⅰ,2
전북여자고등학교,일본어Ⅰ,1
전북여자고등학교,가정과학,2
원광고등학교,생명과학Ⅱ,1
원광고등학교,화학Ⅱ,1
원광고등학교,지구과학Ⅰ,1
원광고등학교,생명과학Ⅰ,1
원광고등학교,화학Ⅰ,1
원광고등학교,물리학Ⅰ,1
원광고등학교,통합과학,2
원광고등학교,고전과 윤리,1
원광고등학교,사회문제 탐구,1
원광고등학교,윤리와 사상,1
원광고등학교,한국사,2
원광고등학교,진로 영어,3
원광고등학교,영어Ⅰ,3
원광고등학교,영어,2
원광고등학교,경제 수학,1
원광고등학교,확률과 통계,1
원광고등학교,사회·문화,1
원광고등학교,동아시아사,1
원광고등학교,세계지리,1
원광고등학교,체육,2
원광고등학교,수학Ⅰ,3
원광고등학교,수학,3
원광고등학교,문학,3
원광고등학교,언어와 매체,3
원광고등학교,국어,2
원광고등학교,미적분,2
원광고등학교,종교학,1
원광고등학교,한문Ⅰ,1
원광고등학교,중국어Ⅰ,1
원광고등학교,일본어Ⅰ,1
원광고등학교,정보,1
원광고등학교,기술·가정,1
원광고등학교,미술 창작,1
원광고등학교,음악 감상과 비평,1
원광고등학교,미술,1
원광고등학교,음악,1
원광고등학교,운동과 건강,1
원광고등학교,통합사회,1
원광여자고등학교,창의 경영,1
원광여자고등학교,미술,1
원광여자고등학교,음악,1
원광여자고등학교,체육,2
원광여자고등학교,생명과학Ⅱ,1
원광여자고등학교,화학Ⅱ,1
원광여자고등학교,지구과학Ⅰ,1
원광여자고등학교,생명과학Ⅰ,1
원광여자고등학교,화학Ⅰ,1
원광여자고등학교,통합과학,2
원광여자고등학교,여행지리,1
원광여자고등학교,윤리와 사상,1
원광여자고등학교,생활과 윤리,1
원광여자고등학교,사회·문화,1
원광여자고등학교,통합사회,1
원광여자고등학교,한국사,2
원광여자고등학교,영어 독해와 작문,2
원광여자고등학교,영어Ⅰ,2
원광여자고등학교,영어,2
원광여자고등학교,심화 수학Ⅰ,1
원광여자고등학교,심리학,1
원광여자고등학교,한문Ⅰ,1
원광여자고등학교,중국어Ⅰ,1
원광여자고등학교,일본어Ⅰ,1
원광여자고등학교,지식 재산 일반,1
원광여자고등학교,수학과제 탐구,1
원광여자고등학교,기하,1
원광여자고등학교,수학Ⅱ,1
원광여자고등학교,수학Ⅰ,2
원광여자고등학교,수학,2
원광여자고등학교,문학,2
원광여자고등학교,언어와 매체,1
원광여자고등학교,화법과 작문,2
원광여자고등학교,국어,2
원광보건고등학교,한국사,1
원광보건고등학교,영어Ⅰ,1
원광보건고등학교,영어,1
원광보건고등학교,수학,1
원광보건고등학교,화법과 작문,1
원광보건고등학교,국어,1
원광보건고등학교,영어Ⅱ,1
원광보건고등학교,애완동물미용,1
원광보건고등학교,반려동물 관리,1
원광보건고등학교,수의 보조,1
원광보건고등학교,동물 간호의 이해,1
원광보건고등학교,인체 구조와 기능,1
원광보건고등학교,기초 간호 임상 실무,1
원광보건고등학교,공중 보건,1
원광보건고등학교,회계 실무,1
원광보건고등학교,사무 행정,1
원광보건고등학교,총무,1
원광보건고등학교,기업 자원 통합 관리,2
원광보건고등학교,회계 정보 처리 시스템,1
원광보건고등학교,사무 관리,1
원광보건고등학교,기업과 경영,1
원광보건고등학교,성공적인 직업생활,1
원광보건고등학교,미술 전공 실기,1
원광보건고등학교,음악 이론,1
원광보건고등학교,논술,1
원광보건고등학교,철학,1
원광보건고등학교,진로와 직업,2
원광보건고등학교,음악 감상과 비평,1
원광보건고등학교,미술,1
원광보건고등학교,음악,1
원광보건고등학교,운동과 건강,1
원광보건고등학교,체육,1
원광보건고등학교,통합과학,1
원광보건고등학교,통합사회,1
위도고등학교,생물1,1
위도고등학교,생활과 윤리,1
위도고등학교,역사,1
위도고등학교,수학Ⅰ,1
위도고등학교,화법과 작문,1
위도고등학교,운동과 건강,1
유일여자고등학교,미술,1
유일여자고등학교,음악,1
유일여자고등학교,운동과 건강,1
유일여자고등학교,체육,2
유일여자고등학교,사회·문화,1
유일여자고등학교,통합사회,3
유일여자고등학교,한국사,2
유일여자고등학교,실용 영어,1
유일여자고등학교,영어 독해와 작문,2
유일여자고등학교,영어Ⅰ,3
유일여자고등학교,영어,2
유일여자고등학교,통합수학Ⅰ,2
유일여자고등학교,확률과 통계,1
유일여자고등학교,수학Ⅰ,1
유일여자고등학교,수학,5
유일여자고등학교,고전 읽기,2
유일여자고등학교,문학,2
유일여자고등학교,화법과 작문,2
유일여자고등학교,국어,2
유일여자고등학교,교육학,1
유일여자고등학교,중국어Ⅰ,1
유일여자고등학교,일본어Ⅰ,1
유일여자고등학교,진로와 직업,1
유일여자고등학교,정보,1
유일여자고등학교,기술·가정,1
유일여자고등학교,미술 창작,1
유일여자고등학교,생활과 윤리,1
유일여자고등학교,지구과학Ⅱ,1
유일여자고등학교,생명과학Ⅱ,1
유일여자고등학교,생명과학Ⅰ,1
유일여자고등학교,화학Ⅰ,1
유일여자고등학교,과학탐구실험,1
유일여자고등학교,통합과학,3
유일여자고등학교,한국 사회의 이해,1
유일여자고등학교,사회문제 탐구,1
유일여자고등학교,윤리와 사상,1
이리고등학교,문학,3
이리고등학교,독서,3
이리고등학교,국어,3
이리고등학교,기타특수,4
이리고등학교,한문Ⅰ,1
이리고등학교,중국어Ⅰ,1
이리고등학교,일본어Ⅰ,1
이리고등학교,정보,1
이리고등학교,미술,2
이리고등학교,음악,1
이리고등학교,운동과 건강,1
이리고등학교,체육,3
이리고등학교,지구과학Ⅱ,1
이리고등학교,생명과학Ⅱ,1
이리고등학교,화학Ⅱ,1
이리고등학교,물리학Ⅱ,1
이리고등학교,지구과학Ⅰ,1
이리고등학교,윤리와 사상,1
이리고등학교,정치와 법,1
이리고등학교,동아시아사,1
이리고등학교,세계지리,1
이리고등학교,한국지리,1
이리고등학교,통합사회,2
이리고등학교,한국사,2
이리고등학교,영어 독해와 작문,3
이리고등학교,영어Ⅰ,3
이리고등학교,영어,3
이리고등학교,심화 수학Ⅰ,1
이리고등학교,확률과 통계,2
이리고등학교,미적분,2
이리고등학교,수학Ⅰ,2
이리고등학교,수학,3
이리고등학교,생명과학Ⅰ,1
이리고등학교,화학Ⅰ,1
이리고등학교,물리학Ⅰ,1
이리고등학교,통합과학,3
이리공업고등학교,수학Ⅰ,2
이리공업고등학교,수학,1
이리공업고등학교,기타특수,1
이리공업고등학교,기타과목,1
이리공업고등학교,토목 도면 해석과 제도,1
이리공업고등학교,문학,1
이리공업고등학교,국어,2
이리공업고등학교,밀링 가공,1
이리공업고등학교,선반 가공,2
이리공업고등학교,철근 콘크리트 시공,1
이리공업고등학교,건축 도장 시공,2
이리공업고등학교,측량,1
이리공업고등학교,건축 기초 실습,1
이리공업고등학교,건축 일반,1
이리공업고등학교,기타과목,1
이리공업고등학교,성공적인 직업생활,1
이리공업고등학교,한문Ⅰ,1
이리공업고등학교,일본어Ⅰ,1
이리공업고등학교,체육,1
이리공업고등학교,미술 창작,1
이리공업고등학교,음악,1
이리공업고등학교,운동과 건강,2
이리공업고등학교,통합과학,2
이리공업고등학교,통합사회,1
이리공업고등학교,한국사,3
이리공업고등학교,영어Ⅰ,1
이리공업고등학교,영어,2
이리공업고등학교,환경 화학 기초,1
이리공업고등학교,유선 통신 구축,3
이리공업고등학교,자동 제어 시스템 운영,1
이리공업고등학교,내선 공사,3
이리공업고등학교,전기·전자 측정,4
이리공업고등학교,전기 설비,5
이리공업고등학교,바이오 화학제품 제조,4
이리공업고등학교,화학 분석,3
이리공업고등학교,제조 화학,1
이리공업고등학교,이산화탄소·가스 메탈 아크 용접,3
이리공업고등학교,피복 아크 용접,1
이리공업고등학교,이산화탄소·가스 메탈 아크 용접,1
이리남성여자고등학교,정보,1
이리남성여자고등학교,미술,1
이리남성여자고등학교,음악,1
이리남성여자고등학교,운동과 건강,2
이리남성여자고등학교,체육,1
이리남성여자고등학교,생명과학Ⅱ,1
이리남성여자고등학교,화학Ⅱ,1
이리남성여자고등학교,화학Ⅰ,1
이리남성여자고등학교,과학탐구실험,1
이리남성여자고등학교,통합과학,3
이리남성여자고등학교,고전과 윤리,1
이리남성여자고등학교,사회문제 탐구,1
이리남성여자고등학교,여행지리,1
이리남성여자고등학교,생활과 윤리,1
이리남성여자고등학교,세계사,1
이리남성여자고등학교,통합사회,1
이리남성여자고등학교,한국사,2
이리남성여자고등학교,영어 독해와 작문,3
이리남성여자고등학교,영어Ⅰ,2
이리남성여자고등학교,영어,2
이리남성여자고등학교,인공지능 수학,1
이리남성여자고등학교,기하,1
이리남성여자고등학교,미적분,1
이리남성여자고등학교,수학Ⅱ,1
이리남성여자고등학교,수학Ⅰ,2
이리남성여자고등학교,수학,2
이리남성여자고등학교,문학,2
이리남성여자고등학교,화법과 작문,3
이리남성여자고등학교,국어,2
이리남성여자고등학교,진로와 직업,1
이리남성여자고등학교,생활과 한문,1
이리남성여자고등학교,프랑스어Ⅰ,1
이리여자고등학교,생명과학Ⅰ,1
이리여자고등학교,화학Ⅰ,2
이리여자고등학교,물리학Ⅰ,1
이리여자고등학교,사회문제 탐구,1
이리여자고등학교,여행지리,1
이리여자고등학교,생활과 윤리,1
이리여자고등학교,사회·문화,1
이리여자고등학교,한국지리,1
이리여자고등학교,통합사회,1
이리여자고등학교,한국사,3
이리여자고등학교,심화 영어 작문Ⅰ,1
이리여자고등학교,기타특수,1
이리여자고등학교,영어Ⅰ,2
이리여자고등학교,영어,2
이리여자고등학교,수학과제 탐구,1
이리여자고등학교,기하,1
이리여자고등학교,확률과 통계,2
이리여자고등학교,미적분,1
이리여자고등학교,수학Ⅰ,1
이리여자고등학교,수학,2
이리여자고등학교,기타특수,2
이리여자고등학교,문학,2
이리여자고등학교,언어와 매체,3
이리여자고등학교,국어,2
이리여자고등학교,영어 독해와 작문,3
이리여자고등학교,논술,1
이리여자고등학교,심리학,1
이리여자고등학교,일본어Ⅰ,1
이리여자고등학교,보건,1
이리여자고등학교,기술·가정,1
이리여자고등학교,미술,1
이리여자고등학교,음악,1
이리여자고등학교,운동과 건강,1
이리여자고등학교,체육,1
이리여자고등학교,지구과학Ⅱ,1
이리여자고등학교,생명과학Ⅱ,1
이리여자고등학교,지구과학Ⅰ,1
이일여자고등학교,한국사,2
이일여자고등학교,심화 영어Ⅰ,1
이일여자고등학교,영어 독해와 작문,2
이일여자고등학교,영어Ⅰ,2
이일여자고등학교,영어,2
이일여자고등학교,경제 수학,1
이일여자고등학교,확률과 통계,1
이일여자고등학교,미적분,1
이일여자고등학교,수학Ⅰ,2
이일여자고등학교,수학,2
이일여자고등학교,문학,2
이일여자고등학교,화법과 작문,2
이일여자고등학교,국어,2
이일여자고등학교,과학탐구실험,1
이일여자고등학교,통합과학,1
이일여자고등학교,사회문제 탐구,1
이일여자고등학교,윤리와 사상,1
이일여자고등학교,사회·문화,1
이일여자고등학교,통합사회,3
이일여자고등학교,기술·가정,1
이일여자고등학교,미술,1
이일여자고등학교,음악,1
이일여자고등학교,스포츠 생활,1
이일여자고등학교,운동과 건강,1
이일여자고등학교,체육,1
이일여자고등학교,생활과 과학,1
이일여자고등학교,일본어Ⅱ,1
이일여자고등학교,일본어Ⅰ,1
이일여자고등학교,진로와 직업,1
이일여자고등학교,정보,1
이일여자고등학교,생명과학Ⅱ,1
이일여자고등학교,화학Ⅱ,1
이일여자고등학교,생명과학Ⅰ,1
이일여자고등학교,물리학Ⅰ,1
익산고등학교,미술,1
익산고등학교,음악,1
익산고등학교,체육,2
익산고등학교,사회·문화,1
익산고등학교,통합사회,2
익산고등학교,한국사,1
익산고등학교,영어 독해와 작문,3
익산고등학교,영어,2
익산고등학교,기하,2
익산고등학교,확률과 통계,1
익산고등학교,수학Ⅰ,1
익산고등학교,수학,2
익산고등학교,문학,1
익산고등학교,화법과 작문,2
익산고등학교,국어,2
익산고등학교,정보,1
익산고등학교,생명과학Ⅱ,1
익산고등학교,화학Ⅱ,1
익산고등학교,생명과학Ⅰ,1
익산고등학교,화학Ⅰ,1
익산고등학교,통합과학,2
익산고등학교,한문Ⅰ,1
익산고등학교,일본어Ⅰ,1
익산고등학교,생활과 윤리,1
인상고등학교,지구과학Ⅰ,1
인상고등학교,생명과학Ⅰ,1
인상고등학교,음악,1
인상고등학교,보건,1
인상고등학교,체육,1
인상고등학교,물리학Ⅰ,1
인상고등학교,윤리와 사상,1
인상고등학교,한국사,1
인상고등학교,영어Ⅱ,2
인상고등학교,수학Ⅰ,1
인상고등학교,수학,1
인상고등학교,독서,1
인상고등학교,국어,1
인월고등학교,영어 독해와 작문,1
인월고등학교,수학,1
인월고등학교,언어와 매체,1
인월고등학교,화법과 작문,1
인월고등학교,한국사,1
인월고등학교,기타특수,1
인월고등학교,체육,1
인월고등학교,과학,2
임실고등학교,한국사,1
임실고등학교,영어Ⅱ,1
임실고등학교,영어Ⅰ,1
임실고등학교,영어,1
임실고등학교,통합사회,1
임실고등학교,정치와 법,1
임실고등학교,공중 보건,1
임실고등학교,생활과 윤리,1
임실고등학교,통합과학,1
임실고등학교,물리학Ⅰ,1
임실고등학교,생명과학Ⅰ,1
임실고등학교,지구과학Ⅱ,1
임실고등학교,체육,1
임실고등학교,음악,1
임실고등학교,가정과학,1
임실고등학교,일본어Ⅰ,1
임실고등학교,중국어Ⅰ,1
임실고등학교,한문Ⅰ,1
임실고등학교,철학,1
임실고등학교,논술,1
임실고등학교,국어,1
임실고등학교,화법과 작문,1
임실고등학교,심화 수학Ⅰ,1
임실고등학교,수학,1
임실고등학교,수학Ⅰ,1
임실고등학교,문학,1
한국치즈과학고등학교,떡 제조,1
한국치즈과학고등학교,식품 과학,2
한국치즈과학고등학교,유제품 가공,1
한국치즈과학고등학교,축산 식품 가공,1
한국치즈과학고등학교,식품 가공 기술,1
한국치즈과학고등학교,식품 위생,1
한국치즈과학고등학교,급양 관리 실무,2
한국치즈과학고등학교,급식 관리,1
한국치즈과학고등학교,보건,1
한국치즈과학고등학교,미술,1
한국치즈과학고등학교,체육,1
한국치즈과학고등학교,통합과학,1
한국치즈과학고등학교,한국사,1
한국치즈과학고등학교,영어,1
한국치즈과학고등학교,수학,1
한국치즈과학고등학교,국어,2
한국치즈과학고등학교,제빵,1
전북유니텍고등학교,운동과 건강,1
전북유니텍고등학교,통합과학,1
전북유니텍고등학교,미술,1
전북유니텍고등학교,보건,1
전북유니텍고등학교,서양 조리,1
전북유니텍고등학교,기계 일반,1
전북유니텍고등학교,자동차 전기·전자 장치 정비,1
전북유니텍고등학교,자동차 엔진 정비,1
전북유니텍고등학교,이산화탄소·가스 메탈 아크 용접,1
전북유니텍고등학교,제과,2
전북유니텍고등학교,제빵,1
전북유니텍고등학교,국어,2
전북유니텍고등학교,수학,1
전북유니텍고등학교,영어,1
전북유니텍고등학교,한국사,1
장수고등학교,영어,1
장수고등학교,중국어Ⅰ,1
장수고등학교,기하,1
장수고등학교,수학,1
장수고등학교,문학,1
장수고등학교,화법과 작문,1
장수고등학교,국어,1
장수고등학교,수학Ⅰ,1
장수고등학교,논술,1
장수고등학교,영어Ⅰ,1
장수고등학교,영어 독해와 작문,1
장수고등학교,한국사,1
장수고등학교,통합사회,1
장수고등학교,생활과 윤리,1
장수고등학교,통합과학,1
장수고등학교,화학Ⅰ,1
장수고등학교,생명과학Ⅱ,1
장수고등학교,체육,1
장수고등학교,지역 이해,1
장수고등학교,음악,1
장수고등학교,보건,1
장수고등학교,진로와 직업,1
장수고등학교,일본어Ⅰ,1
장수고등학교,기타특수,1
전라고등학교,보건,2
전라고등학교,정보,1
전라고등학교,미술,2
전라고등학교,음악,2
전라고등학교,스포츠 생활,1
전라고등학교,운동과 건강,1
전라고등학교,체육,1
전라고등학교,생명과학Ⅱ,1
전라고등학교,지구과학Ⅰ,2
전라고등학교,생명과학Ⅰ,1
전라고등학교,화학Ⅰ,1
전라고등학교,중국어Ⅰ,1
전라고등학교,일본어Ⅰ,1
전라고등학교,과학탐구실험,1
전라고등학교,통합과학,2
전라고등학교,윤리와 사상,1
전라고등학교,사회·문화,2
전라고등학교,한국지리,1
전라고등학교,통합사회,3
전라고등학교,한국사,2
전라고등학교,영어 독해와 작문,4
전라고등학교,영어Ⅰ,3
전라고등학교,영어,2
전라고등학교,수학과제 탐구,1
전라고등학교,경제 수학,1
전라고등학교,확률과 통계,2
전라고등학교,미적분,1
전라고등학교,수학Ⅰ,2
전라고등학교,수학,3
전라고등학교,문학,3
전라고등학교,독서,4
전라고등학교,국어,2
전라고등학교,물리학Ⅰ,1
전라고등학교,논술,1
전라고등학교,한문Ⅰ,1
전북과학고등학교,영어,1
전북과학고등학교,영어Ⅰ,1
전북과학고등학교,문학,1
전북과학고등학교,언어와 매체,1
전북과학고등학교,AP일반물리학Ⅰ,1
전북과학고등학교,일반지구과학,1
전북과학고등학교,고급 지구과학,1
전북과학고등학교,고급 화학,1
전북과학고등학교,고급 물리학,1
전북과학고등학교,고급 수학Ⅰ,2
전북과학고등학교,심화 수학Ⅱ,1
전북과학고등학교,정보과학 융합탐구,1
전북과학고등학교,정보,1
전북과학고등학교,미술,1
전북과학고등학교,체육,1
전북과학고등학교,고급 생명과학,1
전북과학고등학교,국어,1
전북과학고등학교,생명과학Ⅰ,1
전북과학고등학교,화학Ⅰ,1
전북과학고등학교,통합과학,1
전북과학고등학교,사회문제 탐구,1
전북과학고등학교,통합사회,1
전북과학고등학교,한국사,1
전북과학고등학교,진로 영어,1
전북과학고등학교,수학,2
전북제일고등학교,생활과 윤리,1
전북제일고등학교,수학,2
전북제일고등학교,사회문제 탐구,1
전북제일고등학교,통합과학,3
전북제일고등학교,과학탐구실험,1
전북제일고등학교,물리학Ⅰ,1
전북제일고등학교,화학Ⅰ,1
전북제일고등학교,생명과학Ⅰ,1
전북제일고등학교,체육,1
전북제일고등학교,운동과 건강,1
전북제일고등학교,음악,2
전북제일고등학교,미술,1
전북제일고등학교,정보,1
전북제일고등학교,보건,1
전북제일고등학교,한문Ⅰ,1
전북제일고등학교,국어,2
전북제일고등학교,화법과 작문,2
전북제일고등학교,언어와 매체,1
전북제일고등학교,문학,2
전북제일고등학교,사회·문화,1
전북제일고등학교,경제,1
전북제일고등학교,한국지리,1
전북제일고등학교,통합사회,2
전북제일고등학교,한국사,2
전북제일고등학교,영어 독해와 작문,2
전북제일고등학교,영어Ⅰ,2
전북제일고등학교,영어,2
전북제일고등학교,경제 수학,1
전북제일고등학교,확률과 통계,2
전북제일고등학교,미적분,1
전북제일고등학교,수학Ⅰ,2
전북제일고등학교,윤리와 사상,1
전북체육고등학교,체육 전공 실기 응용(단거리),1
전북체육고등학교,체육 전공 실기 응용(도약),1
전북체육고등학교,체육 전공 실기 응용(레슬링),1
전북체육고등학교,체육 전공 실기 응용(양궁),1
전북체육고등학교,체육 전공 실기 응용(체조),1
전북체육고등학교,체육 전공 실기 응용(근대4종),1
전북체육고등학교,체육 전공 실기 응용(조정),1
전북체육고등학교,국어,1
전북체육고등학교,수학,1
전북체육고등학교,영어,1
전북체육고등학교,한국사,1
전북체육고등학교,통합사회,1
전북체육고등학교,체육,1
전북체육고등학교,음악,1
전북체육고등학교,정보,1
전북체육고등학교,한문Ⅰ,1
전북체육고등학교,체육 전공 실기 응용(복싱),1
전북체육고등학교,체육 전공 실기 응용(펜싱),1
전북체육고등학교,체육 전공 실기 응용(태권도),1
전북체육고등학교,체육 전공 실기 응용(자전거),1
전일고등학교,통합과학,2
전일고등학교,윤리와 사상,1
전일고등학교,생활과 윤리,1
전일고등학교,사회·문화,1
전일고등학교,정치와 법,1
전일고등학교,경제,1
전일고등학교,한국지리,1
전일고등학교,통합사회,1
전일고등학교,한국사,2
전일고등학교,영어 독해와 작문,3
전일고등학교,영어Ⅰ,2
전일고등학교,영어,3
전일고등학교,경제 수학,2
전일고등학교,확률과 통계,1
전일고등학교,미적분,1
전일고등학교,수학Ⅰ,3
전일고등학교,수학,3
전일고등학교,언어와 매체,1
전일고등학교,논술,1
전일고등학교,한문Ⅰ,1
전일고등학교,일본어Ⅰ,1
전일고등학교,진로와 직업,1
전일고등학교,정보,1
전일고등학교,기술·가정,1
전일고등학교,미술 감상과 비평,1
전일고등학교,음악 연주,1
전일고등학교,음악,1
전일고등학교,스포츠 생활,1
전일고등학교,독서,2
전일고등학교,화법과 작문,3
전일고등학교,국어,3
전일고등학교,운동과 건강,1
전일고등학교,체육,2
전일고등학교,지구과학Ⅱ,1
전일고등학교,생명과학Ⅱ,1
전일고등학교,화학Ⅱ,1
전일고등학교,물리학Ⅱ,1
전일고등학교,생명과학Ⅰ,1
전일고등학교,물리학Ⅰ,1
전주고등학교,물리학Ⅱ,1
전주고등학교,화학Ⅱ,1
전주고등학교,생명과학Ⅰ,1
전주고등학교,화학Ⅰ,1
전주고등학교,물리학Ⅰ,2
전주고등학교,과학탐구실험,1
전주고등학교,통합과학,4
전주고등학교,사회문제 탐구,1
전주고등학교,윤리와 사상,1
전주고등학교,생활과 윤리,1
전주고등학교,사회·문화,1
전주고등학교,정치와 법,1
전주고등학교,동아시아사,1
전주고등학교,세계사,1
전주고등학교,세계지리,2
전주고등학교,통합사회,2
전주고등학교,한국사,2
전주고등학교,영어 독해와 작문,4
전주고등학교,영어Ⅰ,3
전주고등학교,영어,3
전주고등학교,통합수학Ⅱ,1
전주고등학교,통합수학Ⅰ,2
전주고등학교,기하,1
전주고등학교,수학Ⅱ,2
전주고등학교,수학Ⅰ,3
전주고등학교,수학,3
전주고등학교,현대 국어 문법의 이해,1
전주고등학교,심화 국어,1
전주고등학교,문학,3
전주고등학교,독서,3
전주고등학교,국어,3
전주고등학교,기타특수,2
전주고등학교,인공지능 기초,1
전주고등학교,교육학,1
전주고등학교,심리학,1
전주고등학교,한문Ⅰ,1
전주고등학교,중국어Ⅰ,1
전주고등학교,일본어Ⅰ,1
전주고등학교,창의 경영,1
전주고등학교,공학 일반,1
전주고등학교,보건,2
전주고등학교,정보,1
전주고등학교,미술,2
전주고등학교,음악,2
전주고등학교,스포츠 생활,1
전주고등학교,운동과 건강,2
전주고등학교,체육,2
전주고등학교,지구과학Ⅱ,1
전주고등학교,생명과학Ⅱ,1
전주고등학교,지구과학Ⅰ,1
전주공업고등학교,기본 영어,1
전주공업고등학교,한국사,3
전주공업고등학교,자동차 일반,1
전주공업고등학교,수학,4
전주공업고등학교,문학,2
전주공업고등학교,진로와 직업,1
전주공업고등학교,국어,3
전주공업고등학교,인공지능 프로그래밍 기초(파이선),1
전주공업고등학교,사물 인터넷 서비스 기획,5
전주공업고등학교,프로그래밍,2
전주공업고등학교,기계 기초 공작,3
전주공업고등학교,역학,1
전주공업고등학교,건축 기초 실습,2
전주공업고등학교,건축 도면 해석과 제도,1
전주공업고등학교,건축 일반,1
전주공업고등학교,토목 기초 실습,2
전주공업고등학교,토목 도면 해석과 제도,2
전주공업고등학교,전자 부품 기구 개발,3
전주공업고등학교,자동 제어 기기 제작,1
전주공업고등학교,내선 공사,3
전주공업고등학교,디지털 논리 회로,2
전주공업고등학교,전자 회로,1
전주공업고등학교,전기 회로,2
전주공업고등학교,피복 아크 용접,1
전주공업고등학교,자동차 섀시 정비,1
전주공업고등학교,자동차 엔진 정비,2
전주공업고등학교,자동차 전기·전자 장치 정비,1
전주공업고등학교,측정,1
전주공업고등학교,밀링 가공,1
전주공업고등학교,선반 가공,1
전주공업고등학교,자동차 기관,1
전주공업고등학교,토목 일반,2
전주공업고등학교,기초 제도,2
전주공업고등학교,실내 디자인,3
전주공업고등학교,중국어 회화Ⅰ,1
전주공업고등학교,자동 제어 기기 제작,1
전주공업고등학교,정보,2
전주공업고등학교,미술 창작,1
전주공업고등학교,음악,2
전주공업고등학교,운동과 건강,1
전주공업고등학교,체육,2
전주공업고등학교,물리학Ⅰ,2
전주공업고등학교,통합과학,3
전주공업고등학교,통합사회,2
전주공업고등학교,영어,4
전주근영여자고등학교,심리학,1
전주근영여자고등학교,생활과 윤리,2
전주근영여자고등학교,정치와 법,1
전주근영여자고등학교,통합사회,2
전주근영여자고등학교,한국사,2
전주근영여자고등학교,영어 독해와 작문,3
전주근영여자고등학교,영어Ⅰ,2
전주근영여자고등학교,영어,3
전주근영여자고등학교,심화 수학Ⅰ,2
전주근영여자고등학교,수학과제 탐구,1
전주근영여자고등학교,수학Ⅱ,2
전주근영여자고등학교,수학Ⅰ,2
전주근영여자고등학교,수학,2
전주근영여자고등학교,문학,2
전주근영여자고등학교,화법과 작문,4
전주근영여자고등학교,국어,3
전주근영여자고등학교,중국어Ⅱ,1
전주근영여자고등학교,일본어Ⅱ,2
전주근영여자고등학교,진로와 직업,1
전주근영여자고등학교,보건,1
전주근영여자고등학교,기술·가정,1
전주근영여자고등학교,미술 감상과 비평,1
전주근영여자고등학교,음악 연주,1
전주근영여자고등학교,연극,1
전주근영여자고등학교,운동과 건강,1
전주근영여자고등학교,체육,3
전주근영여자고등학교,생명과학Ⅱ,1
전주근영여자고등학교,화학Ⅱ,1
전주근영여자고등학교,지구과학Ⅰ,1
전주근영여자고등학교,생명과학Ⅰ,1
전주근영여자고등학교,화학Ⅰ,1
전주근영여자고등학교,과학탐구실험,1
전주근영여자고등학교,통합과학,3
전주근영여자고등학교,비교 문화,1
전주근영여자고등학교,사회문제 탐구,1
전주근영여자고등학교,여행지리,1
전주근영여자고등학교,한문Ⅰ,1
전주기전여자고등학교,한문Ⅰ,1
전주기전여자고등학교,종교학,2
전주기전여자고등학교,일본어Ⅰ,1
전주기전여자고등학교,가정과학,1
전주기전여자고등학교,미술 창작,1
전주기전여자고등학교,음악 연주,1
전주기전여자고등학교,체육 탐구,1
전주기전여자고등학교,스포츠 생활,1
전주기전여자고등학교,체육,1
전주기전여자고등학교,생명과학Ⅱ,2
전주기전여자고등학교,물리학Ⅰ,1
전주기전여자고등학교,과학탐구실험,1
전주기전여자고등학교,통합과학,3
전주기전여자고등학교,여행지리,1
전주기전여자고등학교,윤리와 사상,1
전주기전여자고등학교,생활과 윤리,1
전주기전여자고등학교,사회·문화,1
전주기전여자고등학교,정치와 법,1
전주기전여자고등학교,통합사회,1
전주기전여자고등학교,한국사,2
전주기전여자고등학교,영어 독해와 작문,2
전주기전여자고등학교,영어Ⅰ,2
전주기전여자고등학교,영어,3
전주기전여자고등학교,경제 수학,1
전주기전여자고등학교,미적분,2
전주기전여자고등학교,수학Ⅰ,3
전주기전여자고등학교,수학,3
전주기전여자고등학교,문학,3
전주기전여자고등학교,독서,3
전주기전여자고등학교,국어,2
전주기전여자고등학교,인공지능 기초,1
전주기전여자고등학교,중국어Ⅰ,1
전주생명과학고등학교,토목 도면 해석과 제도,1
전주생명과학고등학교,토공·포장 시공,1
전주생명과학고등학교,기타특수,3
전주생명과학고등학교,미술,1
전주생명과학고등학교,음악,2
전주생명과학고등학교,운동과 건강,1
전주생명과학고등학교,체육,1
전주생명과학고등학교,생명과학Ⅰ,1
전주생명과학고등학교,통합과학,2
전주생명과학고등학교,통합사회,2
전주생명과학고등학교,한국사,2
전주생명과학고등학교,영어Ⅰ,1
전주생명과학고등학교,영어,2
전주생명과학고등학교,수학,2
전주생명과학고등학교,국어,2
전주생명과학고등학교,시설원예,1
전주생명과학고등학교,애완동물미용,1
전주생명과학고등학교,가금 사육,1
전주생명과학고등학교,과수 재배,1
전주생명과학고등학교,채소 재배,1
전주생명과학고등학교,전특작 재배,2
전주생명과학고등학교,수도작 재배,1
전주생명과학고등학교,농업 기계 운전·작업,1
전주생명과학고등학교,농업 기계 공작,1
전주생명과학고등학교,농업 기계,1
전주생명과학고등학교,동물 자원,1
전주생명과학고등학교,농산 식품 가공,1
전주생명과학고등학교,농업 정보 관리,1
전주생명과학고등학교,농업 기초 기술,1
전주생명과학고등학교,농업 이해,1
전주생명과학고등학교,떡 제조,2
전주생명과학고등학교,제빵,1
전주생명과학고등학교,제과,1
전주생명과학고등학교,음료·주류 가공,2
전주생명과학고등학교,김치·반찬 가공,1
전주생명과학고등학교,축산 식품 가공,2
전주생명과학고등학교,식품 분석,1
전주생명과학고등학교,농업용 기계 설치·정비,1
전주생명과학고등학교,조경 설계,1
전주생명과학고등학교,조경 시공,2
전주생명과학고등학교,측량,1
전주생명과학고등학교,서양 조리,1
전주성심여자고등학교,중국어Ⅰ,1
전주성심여자고등학교,생활과 윤리,1
전주성심여자고등학교,통합사회,3
전주성심여자고등학교,한국사,2
전주성심여자고등학교,진로 영어,2
전주성심여자고등학교,영어 독해와 작문,2
전주성심여자고등학교,영어Ⅰ,3
전주성심여자고등학교,영어,3
전주성심여자고등학교,확률과 통계,3
전주성심여자고등학교,미적분,1
전주성심여자고등학교,수학Ⅰ,2
전주성심여자고등학교,심화 국어,2
전주성심여자고등학교,문학,3
전주성심여자고등학교,화법과 작문,2
전주성심여자고등학교,국어,3
전주성심여자고등학교,수학,3
전주성심여자고등학교,논술,1
전주성심여자고등학교,종교학,1
전주성심여자고등학교,교육학,1
전주성심여자고등학교,보건,1
전주성심여자고등학교,정보,1
전주성심여자고등학교,미술,1
전주성심여자고등학교,음악,1
전주성심여자고등학교,운동과 건강,1
전주성심여자고등학교,체육,2
전주성심여자고등학교,생활과 과학,1
전주성심여자고등학교,생명과학Ⅱ,1
전주성심여자고등학교,화학Ⅱ,1
전주성심여자고등학교,생명과학Ⅰ,1
전주성심여자고등학교,화학Ⅰ,1
전주성심여자고등학교,통합과학,3
전주성심여자고등학교,사회문제 탐구,2
전주성심여자고등학교,여행지리,1
전주성심여자고등학교,일본어Ⅰ,1
전주신흥고등학교,중국어Ⅰ,1
전주신흥고등학교,일본어Ⅰ,1
전주신흥고등학교,보건,1
전주신흥고등학교,정보,1
전주신흥고등학교,미술 감상과 비평,1
전주신흥고등학교,음악,1
전주신흥고등학교,운동과 건강,1
전주신흥고등학교,체육,2
전주신흥고등학교,물리학Ⅱ,1
전주신흥고등학교,지구과학Ⅰ,1
전주신흥고등학교,생명과학Ⅰ,1
전주신흥고등학교,화학Ⅰ,1
전주신흥고등학교,물리학Ⅰ,1
전주신흥고등학교,과학탐구실험,1
전주신흥고등학교,통합과학,3
전주신흥고등학교,사회문제 탐구,1
전주신흥고등학교,정치와 법,1
전주신흥고등학교,세계지리,1
전주신흥고등학교,통합사회,2
전주신흥고등학교,한국사,3
전주신흥고등학교,영어Ⅱ,3
전주신흥고등학교,영어 독해와 작문,1
전주신흥고등학교,영어Ⅰ,3
전주신흥고등학교,영어,3
전주신흥고등학교,기하,1
전주신흥고등학교,확률과 통계,1
전주신흥고등학교,미적분,2
전주신흥고등학교,수학Ⅰ,3
전주신흥고등학교,수학,3
전주신흥고등학교,생활과 윤리,1
전주신흥고등학교,문학,3
전주신흥고등학교,언어와 매체,1
전주신흥고등학교,독서,2
전주신흥고등학교,국어,3
전주신흥고등학교,종교학,1
전주신흥고등학교,한문Ⅰ,1
전주여자고등학교,중국어Ⅰ,1
전주여자고등학교,일본어Ⅰ,1
전주여자고등학교,진로와 직업,1
전주여자고등학교,보건,1
전주여자고등학교,정보,1
전주여자고등학교,기술·가정,1
전주여자고등학교,한문Ⅰ,1
전주여자고등학교,화학Ⅱ,1
전주여자고등학교,지구과학Ⅰ,1
전주여자고등학교,생명과학Ⅰ,1
전주여자고등학교,화학Ⅰ,1
전주여자고등학교,물리학Ⅰ,1
전주여자고등학교,통합과학,1
전주여자고등학교,세계 문제와 미래 사회,1
전주여자고등학교,고전과 윤리,1
전주여자고등학교,사회문제 탐구,1
전주여자고등학교,미술 창작,1
전주여자고등학교,음악 연주,1
전주여자고등학교,미술,1
전주여자고등학교,스포츠 생활,1
전주여자고등학교,운동과 건강,1
전주여자고등학교,체육,1
전주여자고등학교,생활과 과학,1
전주여자고등학교,지구과학Ⅱ,1
전주여자고등학교,여행지리,1
전주여자고등학교,생활과 윤리,1
전주여자고등학교,사회·문화,1
전주여자고등학교,세계지리,1
전주여자고등학교,통합사회,2
전주여자고등학교,한국사,2
전주여자고등학교,영어 독해와 작문,3
전주여자고등학교,영어Ⅰ,3
전주여자고등학교,영어,3
전주여자고등학교,경제 수학,2
전주여자고등학교,기하,2
전주여자고등학교,확률과 통계,1
전주여자고등학교,수학Ⅰ,3
전주여자고등학교,수학,3
전주여자고등학교,문학,3
전주여자고등학교,독서,4
전주여자고등학교,국어,3
전주여자고등학교,생명과학Ⅱ,1
전주상업정보고등학교,기업과 경영,1
전주상업정보고등학교,상업 경제,1
전주상업정보고등학교,성공적인 직업생활,2
전주상업정보고등학교,기타특수,3
전주상업정보고등학교,한문Ⅰ,1
전주상업정보고등학교,미술 창작,1
전주상업정보고등학교,음악,1
전주상업정보고등학교,창의 경영,1
전주상업정보고등학교,보험 일반,1
전주상업정보고등학교,기업 자원 통합 관리,1
전주상업정보고등학교,원산지 관리,1
전주상업정보고등학교,보험 모집,1
전주상업정보고등학교,창구 사무,1
전주상업정보고등학교,세무 실무,1
전주상업정보고등학교,회계 실무,2
전주상업정보고등학교,사무 행정,2
전주상업정보고등학교,창업 일반,1
전주상업정보고등학교,금융 일반,1
전주상업정보고등학교,국제 상무,1
전주상업정보고등학교,세무 일반,1
전주상업정보고등학교,기업 자원 통합 관리,2
전주상업정보고등학교,회계 정보 처리 시스템,1
전주상업정보고등학교,회계 실무,1
전주상업정보고등학교,운동과 건강,2
전주상업정보고등학교,체육,1
전주상업정보고등학교,통합과학,2
전주상업정보고등학교,통합사회,1
전주상업정보고등학교,한국사,1
전주상업정보고등학교,영어,1
전주상업정보고등학교,실용 수학,1
전주상업정보고등학교,수학,1
전주상업정보고등학교,실용 국어,1
전주상업정보고등학교,국어,2
전주상업정보고등학교,회계 원리,2
전주상업정보고등학교,사무 관리,2
전주영생고등학교,한문Ⅰ,1
전주영생고등학교,음악 연주,1
전주영생고등학교,일본어Ⅰ,1
전주영생고등학교,정보,1
전주영생고등학교,미술 창작,1
전주영생고등학교,음악 감상과 비평,2
전주영생고등학교,통합사회,3
전주영생고등학교,한국사,3
전주영생고등학교,영어 독해와 작문,3
전주영생고등학교,영어Ⅰ,2
전주영생고등학교,영어,3
전주영생고등학교,확률과 통계,2
전주영생고등학교,미적분,1
전주영생고등학교,수학Ⅰ,2
전주영생고등학교,수학,3
전주영생고등학교,문학,3
전주영생고등학교,세계지리,1
전주영생고등학교,언어와 매체,1
전주영생고등학교,종교학,1
전주영생고등학교,화법과 작문,2
전주영생고등학교,국어,3
전주영생고등학교,운동과 건강,2
전주영생고등학교,체육,1
전주영생고등학교,생활과 과학,1
전주영생고등학교,지구과학Ⅱ,1
전주영생고등학교,생명과학Ⅱ,1
전주영생고등학교,화학Ⅱ,1
전주영생고등학교,지구과학Ⅰ,1
전주영생고등학교,생명과학Ⅰ,1
전주영생고등학교,물리학Ⅰ,1
전주영생고등학교,과학탐구실험,1
전주영생고등학교,통합과학,2
전주영생고등학교,사회 탐구 방법,1
전주영생고등학교,생활과 윤리,1
전주영생고등학교,사회·문화,1
전주영생고등학교,세계사,1
전주영생고등학교,중국어Ⅰ,1
전주예술고등학교,음악 전공 실기,2
전주예술고등학교,미술 전공 실기,1
전주예술고등학교,체육 탐구,1
전주예술고등학교,체육,1
전주예술고등학교,생명과학Ⅰ,1
전주예술고등학교,통합과학,1
전주예술고등학교,한국지리,1
전주예술고등학교,사회,1
전주예술고등학교,영어,1
전주예술고등학교,수학Ⅰ,1
전주예술고등학교,수학,1
전주예술고등학교,문학,1
전주예술고등학교,국어,1
전주예술고등학교,화성학,1
전주예술고등학교,전공실기1,2
전주예술고등학교,전공 실기,3
전주예술고등학교,시창·청음Ⅰ,1
전주예술고등학교,연기Ⅰ,1
전주예술고등학교,연극 제작 실습,1
전주예술고등학교,무용 음악 실습,1
전주예술고등학교,무용 전공 실기,1
전주예술고등학교,무용 기초 실기,1
전주예술고등학교,무용과 몸,1
전주예술고등학교,미술 전공 실기,2
전주예술고등학교,매체 미술,1
전주예술고등학교,입체 조형,1
전주예술고등학교,드로잉,1
전주예술고등학교,공연 실습,1
전주예술고등학교,합주,1
전주예술고등학교,합창,1
전주예술고등학교,안무Ⅱ,1
전주예술고등학교,고급연기,1
전주예술고등학교,실용음악Ⅲ,1
전주예술고등학교,무용 기초 실기Ⅰ,1
전주예술고등학교,무용 전공 실기Ⅱ,2
전주예술고등학교,무용 전공 실기Ⅰ,2
전주예술고등학교,미술전공실기Ⅱ,3
전주예술고등학교,음악전공실기Ⅰ,2
전주예술고등학교,음악 전공 실기,1
전주예술고등학교,종교학,1
전주예술고등학교,기술·가정,1
전주예술고등학교,무용 전공 실기,1
전주예술고등학교,음악,1
전주중앙여자고등학교,정보,1
전주중앙여자고등학교,생명과학Ⅱ,1
전주중앙여자고등학교,생명과학Ⅰ,1
전주중앙여자고등학교,화학Ⅰ,1
전주중앙여자고등학교,과학탐구실험,1
전주중앙여자고등학교,통합과학,2
전주중앙여자고등학교,사회문제 탐구,2
전주중앙여자고등학교,여행지리,1
전주중앙여자고등학교,생활과 윤리,2
전주중앙여자고등학교,정치와 법,1
전주중앙여자고등학교,통합사회,1
전주중앙여자고등학교,한국사,3
전주중앙여자고등학교,영어 독해와 작문,3
전주중앙여자고등학교,영어Ⅰ,3
전주중앙여자고등학교,영어,2
전주중앙여자고등학교,심화 수학Ⅰ,2
전주중앙여자고등학교,미적분,1
전주중앙여자고등학교,수학Ⅰ,3
전주중앙여자고등학교,수학,3
전주중앙여자고등학교,문학,3
전주중앙여자고등학교,독서,3
전주중앙여자고등학교,국어,4
전주중앙여자고등학교,논술,1
전주중앙여자고등학교,프랑스어Ⅰ,1
전주중앙여자고등학교,일본어Ⅰ,1
전주중앙여자고등학교,진로와 직업,1
전주중앙여자고등학교,보건,1
전주중앙여자고등학교,기술·가정,2
전주중앙여자고등학교,영화의 이해,1
전주중앙여자고등학교,미술,1
전주중앙여자고등학교,음악,1
전주중앙여자고등학교,스포츠 생활,1
전주중앙여자고등학교,체육,2
전주중앙여자고등학교,지구과학Ⅱ,1
전주중앙여자고등학교,지구과학Ⅰ,1
전주한일고등학교,화학Ⅱ,1
전주한일고등학교,지구과학Ⅱ,1
전주한일고등학교,물리학Ⅰ,1
전주한일고등학교,통합과학,4
전주한일고등학교,한국 사회의 이해,1
전주한일고등학교,윤리와 사상,1
전주한일고등학교,생활과 윤리,1
전주한일고등학교,사회·문화,2
전주한일고등학교,한국지리,1
전주한일고등학교,통합사회,1
전주한일고등학교,한국사,2
전주한일고등학교,영어 독해와 작문,3
전주한일고등학교,영어Ⅰ,3
전주한일고등학교,영어,2
전주한일고등학교,확률과 통계,1
전주한일고등학교,미적분,2
전주한일고등학교,수학Ⅰ,3
전주한일고등학교,수학,4
전주한일고등학교,문학,3
전주한일고등학교,생명과학Ⅱ,1
전주한일고등학교,언어와 매체,1
전주한일고등학교,국어,3
전주한일고등학교,화법과 작문,2
전주한일고등학교,스페인어Ⅰ,1
전주한일고등학교,일본어Ⅰ,1
전주한일고등학교,가정과학,1
전주한일고등학교,보건,1
전주한일고등학교,정보,2
전주한일고등학교,미술 창작,2
전주한일고등학교,음악,1
전주한일고등학교,운동과 건강,1
전주한일고등학교,체육,2
전주한일고등학교,생명과학Ⅰ,1
전주해성고등학교,국어,2
전주해성고등학교,화학Ⅱ,1
전주해성고등학교,지구과학Ⅰ,1
전주해성고등학교,생명과학Ⅰ,1
전주해성고등학교,화학Ⅰ,1
전주해성고등학교,물리학Ⅰ,1
전주해성고등학교,통합과학,1
전주해성고등학교,사회문제 탐구,1
전주해성고등학교,생활과 윤리,1
전주해성고등학교,생명과학Ⅱ,1
전주해성고등학교,사회·문화,1
전주해성고등학교,통합사회,2
전주해성고등학교,한국사,2
전주해성고등학교,환경과 인간 생활,1
전주해성고등학교,인공지능 기초,1
전주해성고등학교,종교학,1
전주해성고등학교,한문Ⅰ,1
전주해성고등학교,미술,1
전주해성고등학교,음악,1
전주해성고등학교,스포츠 생활,1
전주해성고등학교,운동과 건강,1
전주해성고등학교,체육,1
전주해성고등학교,지구과학Ⅱ,1
전주해성고등학교,영어 독해와 작문,2
전주해성고등학교,영어Ⅰ,2
전주해성고등학교,영어,2
전주해성고등학교,경제 수학,1
전주해성고등학교,기하,1
전주해성고등학교,실용 수학,1
전주해성고등학교,수학Ⅱ,2
전주해성고등학교,수학Ⅰ,1
전주해성고등학교,수학,2
전주해성고등학교,심화 국어,1
전주해성고등학교,문학,2
전주해성고등학교,화법과 작문,2
정읍고등학교,한국지리,1
정읍고등학교,생활과 윤리,1
정읍고등학교,진로 영어,1
정읍고등학교,영어 독해와 작문,1
정읍고등학교,영어Ⅰ,1
정읍고등학교,영어,1
정읍고등학교,확률과 통계,1
정읍고등학교,미적분,1
정읍고등학교,수학Ⅰ,1
정읍고등학교,수학,1
정읍고등학교,문학,1
정읍고등학교,화법과 작문,2
정읍고등학교,국어,1
정읍고등학교,사회·문화,1
정읍고등학교,기타특수,1
정읍고등학교,논술,1
정읍고등학교,심리학,1
정읍고등학교,한문Ⅰ,1
정읍고등학교,일본어Ⅰ,1
정읍고등학교,진로와 직업,1
정읍고등학교,보건,1
정읍고등학교,미술,1
정읍고등학교,운동과 건강,1
정읍고등학교,체육,1
정읍고등학교,지구과학Ⅰ,1
정읍고등학교,생명과학Ⅰ,1
정읍고등학교,화학Ⅰ,1
정읍고등학교,물리학Ⅰ,1
정읍고등학교,한국사,1
정읍제일고등학교,식품 가공 기술,1
정읍제일고등학교,음악,1
정읍제일고등학교,가스 텅스텐 아크 용접,1
정읍제일고등학교,피복 아크 용접,1
정읍제일고등학교,농업용 기계 설치·정비,1
정읍제일고등학교,컴퓨터 활용 생산,1
정읍제일고등학교,기계요소 설계,1
정읍제일고등학교,기계 기초 공작,1
정읍제일고등학교,한문Ⅰ,1
정읍제일고등학교,진로와 직업,1
정읍제일고등학교,체육,1
정읍제일고등학교,생명과학Ⅰ,1
정읍제일고등학교,통합과학,1
정읍제일고등학교,한국사,1
정읍제일고등학교,영어,1
정읍제일고등학교,농업 기계 운전·작업,2
정읍제일고등학교,농업 기계,1
정읍제일고등학교,떡 제조,1
정읍제일고등학교,제빵,1
정읍제일고등학교,제과,1
정읍제일고등학교,수학,1
정읍제일고등학교,기타특수,2
정읍제일고등학교,국어,1
정읍제일고등학교,축산 식품 가공,1
정읍여자고등학교,기술·가정,1
정읍여자고등학교,일본어Ⅰ,1
정읍여자고등학교,음악,1
정읍여자고등학교,운동과 건강,1
정읍여자고등학교,체육,1
정읍여자고등학교,생활과 과학,1
정읍여자고등학교,생명과학Ⅱ,1
정읍여자고등학교,지구과학Ⅰ,1
정읍여자고등학교,화학Ⅰ,1
정읍여자고등학교,통합과학,2
정읍여자고등학교,생활과 윤리,1
정읍여자고등학교,사회·문화,1
정읍여자고등학교,정치와 법,1
정읍여자고등학교,세계사,1
정읍여자고등학교,한국지리,1
정읍여자고등학교,한국사,1
정읍여자고등학교,진로 영어,2
정읍여자고등학교,영어Ⅰ,2
정읍여자고등학교,영어,2
정읍여자고등학교,경제 수학,1
정읍여자고등학교,기하,1
정읍여자고등학교,수학Ⅰ,2
정읍여자고등학교,수학,2
정읍여자고등학교,기타특수,1
정읍여자고등학교,문학,2
정읍여자고등학교,화법과 작문,2
정읍여자고등학교,국어,2
정읍여자고등학교,윤리와 사상,1
정읍여자고등학교,논술,1
정읍여자고등학교,미술,1
정주고등학교,일본어Ⅰ,1
정주고등학교,국어,2
정주고등학교,미술,1
정주고등학교,음악,1
정주고등학교,운동과 건강,1
정주고등학교,체육,1
정주고등학교,지구과학Ⅰ,1
정주고등학교,생명과학Ⅰ,1
정주고등학교,화학Ⅰ,1
정주고등학교,물리학Ⅰ,1
정주고등학교,통합과학,1
정주고등학교,과제연구-역사,1
정주고등학교,생활과 윤리,1
정주고등학교,사회·문화,1
정주고등학교,정치와 법,1
정주고등학교,한문Ⅰ,1
정주고등학교,한국지리,1
정주고등학교,한국사,1
정주고등학교,영어 독해와 작문,2
정주고등학교,영어Ⅰ,2
정주고등학교,영어,2
정주고등학교,확률과 통계,1
정주고등학교,미적분,1
정주고등학교,수학Ⅰ,2
정주고등학교,수학,1
정주고등학교,문학,1
정주고등학교,화법과 작문,2
정주고등학교,기술·가정,1
줄포자동차공업고등학교,실용 수학,1
줄포자동차공업고등학교,통합사회,1
줄포자동차공업고등학교,실용 국어,1
줄포자동차공업고등학교,물리학Ⅰ,1
줄포자동차공업고등학교,스포츠 생활,1
줄포자동차공업고등학교,미래자동차정비,2
줄포자동차공업고등학교,진로와 직업,1
줄포자동차공업고등학교,기타특수,1
줄포자동차공업고등학교,비즈니스 영어,1
줄포자동차공업고등학교,자동차 차체 정비,2
줄포자동차공업고등학교,자동차 도장,2
줄포자동차공업고등학교,보건,1
진경여자고등학교,서양 조리,1
진경여자고등학교,한국 조리,1
진경여자고등학교,네일 미용,1
진경여자고등학교,메이크업,1
진경여자고등학교,피부 미용,2
진경여자고등학교,헤어 미용,2
진경여자고등학교,수출입 관리,1
진경여자고등학교,회계 실무,1
진경여자고등학교,사무 행정,1
진경여자고등학교,기업 자원 통합 관리,2
진경여자고등학교,종교학,1
진경여자고등학교,제빵,2
진경여자고등학교,운동과 건강,1
진경여자고등학교,미술,1
진경여자고등학교,기술·가정,1
진경여자고등학교,일본어Ⅰ,1
진경여자고등학교,문학,1
진경여자고등학교,수학,1
진경여자고등학교,영어,1
진경여자고등학교,영어 회화,1
진경여자고등학교,한국사,1
진경여자고등학교,통합사회,1
진경여자고등학교,국어,1
진경여자고등학교,체육,1
진경여자고등학교,통합과학,1
한국기술부사관고등학교,체육,2
한국기술부사관고등학교,통합과학,1
한국기술부사관고등학교,통합사회,2
한국기술부사관고등학교,한국사,2
한국기술부사관고등학교,영어,1
한국기술부사관고등학교,수학,1
한국기술부사관고등학교,국어,1
한국기술부사관고등학교,통신장비운용,1
한국기술부사관고등학교,항공 드론,1
한국기술부사관고등학교,전자 제품 생산,2
한국기술부사관고등학교,자동 제어 기기 제작,1
한국기술부사관고등학교,내선 공사,3
한국기술부사관고등학교,이산화탄소·가스 메탈 아크 용접,1
한국기술부사관고등학교,컴퓨터 활용 생산,2
한국기술부사관고등학교,선반 가공,1
한국기술부사관고등학교,기계요소 설계,1
한국기술부사관고등학교,자동차 일반,1
한국기술부사관고등학교,기계 제도,1
한국기술부사관고등학교,특수건설장비,1
한국기술부사관고등학교,논술,1
한국기술부사관고등학교,보건,1
한국기술부사관고등학교,미술,1
한국기술부사관고등학교,음악,1
진안제일고등학교,한국사,1
진안제일고등학교,영어 독해와 작문,1
진안제일고등학교,사회·문화,1
진안제일고등학교,통합과학,1
진안제일고등학교,생명과학Ⅰ,1
진안제일고등학교,운동과 건강,1
진안제일고등학교,보건,1
진안제일고등학교,진로와 직업,1
진안제일고등학교,영어Ⅰ,1
진안제일고등학교,확률과 통계,1
진안제일고등학교,수학Ⅰ,1
진안제일고등학교,수학,1
진안제일고등학교,언어와 매체,1
진안제일고등학교,기타특수,1
진안제일고등학교,국어,1
진안제일고등학교,일본어Ⅰ,1
칠보고등학교,자동 제어 시스템 운영,1
칠보고등학교,국어,1
칠보고등학교,영어 회화,1
칠보고등학교,통합과학,1
칠보고등학교,내선 공사,2
칠보고등학교,자동 제어 시스템 유지 정비,1
칠보고등학교,체육,1
태인고등학교,가정과학,1
태인고등학교,보건,1
태인고등학교,수학,1
태인고등학교,수학Ⅰ,1
태인고등학교,영어Ⅰ,1
태인고등학교,영어Ⅱ,1
태인고등학교,한국사,1
태인고등학교,화법과 작문,1
태인고등학교,문학,1
태인고등학교,도덕,1
태인고등학교,통합사회,1
태인고등학교,생명과학Ⅰ,1
태인고등학교,체육,1
태인고등학교,음악,1
푸른꿈고등학교,음악,1
푸른꿈고등학교,한문Ⅰ,1
푸른꿈고등학교,미술 창작,1
푸른꿈고등학교,문해,1
푸른꿈고등학교,환경,1
푸른꿈고등학교,노작활동,1
푸른꿈고등학교,일본어Ⅰ,1
푸른꿈고등학교,수학Ⅰ,1
푸른꿈고등학교,영어Ⅰ,1
푸른꿈고등학교,한국사,1
푸른꿈고등학교,통합사회,1
푸른꿈고등학교,통합과학,1
푸른꿈고등학교,체육,1
푸른꿈고등학교,국어,1
글로벌학산고등학교,실용 국어,1
글로벌학산고등학교,국어,1
글로벌학산고등학교,보건 간호,1
글로벌학산고등학교,간호의 기초,1
글로벌학산고등학교,창업 일반,1
글로벌학산고등학교,인공지능 기초,1
글로벌학산고등학교,정보 처리와 관리,1
글로벌학산고등학교,바리스타,1
글로벌학산고등학교,서양 조리,1
글로벌학산고등학교,한국 조리,1
글로벌학산고등학교,피부 미용,1
글로벌학산고등학교,제빵,1
글로벌학산고등학교,헤어 미용,1
글로벌학산고등학교,관광 영어,1
글로벌학산고등학교,방송 콘텐츠 제작,1
글로벌학산고등학교,시각 디자인,1
글로벌학산고등학교,중국어Ⅰ,1
글로벌학산고등학교,정보,1
글로벌학산고등학교,색채 관리,1
글로벌학산고등학교,음악,1
글로벌학산고등학교,운동과 건강,1
글로벌학산고등학교,체육,1
글로벌학산고등학교,통합과학,1
글로벌학산고등학교,통합사회,1
글로벌학산고등학교,한국사,1
글로벌학산고등학교,인체 구조와 기능,1
글로벌학산고등학교,영어Ⅰ,1
글로벌학산고등학교,영어,1
글로벌학산고등학교,실용 수학,1
글로벌학산고등학교,수학,1
한국전통문화고등학교,국악 합주Ⅰ,1
한국전통문화고등학교,미술전공실기Ⅱ,2
한국전통문화고등학교,공예,1
한국전통문화고등학교,미술 전공 실기,2
한국전통문화고등학교,운동과 건강,1
한국전통문화고등학교,생명과학Ⅰ,1
한국전통문화고등학교,통합과학,1
한국전통문화고등학교,사회·문화,1
한국전통문화고등학교,통합사회,1
한국전통문화고등학교,한국사,1
한국전통문화고등학교,영어Ⅱ,1
한국전통문화고등학교,영어Ⅰ,1
한국전통문화고등학교,영어,1
한국전통문화고등학교,수학Ⅰ,1
한국전통문화고등학교,문학,1
한국전통문화고등학교,화법과 작문,1
한국전통문화고등학교,국어,1
한국전통문화고등학교,제빵,1
한국전통문화고등학교,서양 조리,1
한국전통문화고등학교,한국 조리,1
한국전통문화고등학교,일본어Ⅰ,1
한국전통문화고등학교,진로와 직업,1
한국전통문화고등학교,보건,1
한국전통문화고등학교,국악 합창,2
한국경마축산고등학교,재활승마 실무,1
한국경마축산고등학교,말조련과 승마지도,3
한국경마축산고등학교,말관리 Ⅲ,1
한국경마축산고등학교,말관리 Ⅰ,1
한국경마축산고등학교,성공적인 직업생활,1
한국경마축산고등학교,말 육성 관리,2
한국경마축산고등학교,생명과학Ⅰ,1
한국경마축산고등학교,통합사회,1
한국경마축산고등학교,실용 영어,1
한국경마축산고등학교,수학,1
한국경마축산고등학교,실용 국어,1
한국경마축산고등학교,보건,1
한별고등학교,보건,1
한별고등학교,국어,2
한별고등학교,미술,1
한별고등학교,음악,1
한별고등학교,운동과 건강,1
한별고등학교,체육,1
한별고등학교,생활과 과학,1
한별고등학교,생명과학Ⅱ,1
한별고등학교,기타특수,1
한별고등학교,중국어Ⅰ,1
한별고등학교,일본어Ⅰ,1
한별고등학교,진로와 직업,1
한별고등학교,지구과학Ⅰ,1
한별고등학교,화학Ⅰ,1
한별고등학교,통합과학,1
한별고등학교,고전과 윤리,1
한별고등학교,사회문제 탐구,1
한별고등학교,생활과 윤리,1
한별고등학교,사회·문화,1
한별고등학교,한국지리,1
한별고등학교,한국사,1
한별고등학교,영어Ⅱ,2
한별고등학교,영어Ⅰ,2
한별고등학교,영어,1
한별고등학교,확률과 통계,2
한별고등학교,수학Ⅰ,1
한별고등학교,수학,2
한별고등학교,문학,1
한별고등학교,화법과 작문,2
한별고등학교,미술 창작,1
함열고등학교,영어Ⅱ,1
함열고등학교,확률과 통계,1
함열고등학교,독서,1
함열고등학교,기타특수,1
함열고등학교,한국사,1
함열고등학교,스포츠 생활,1
함열고등학교,통합과학,1
함열고등학교,과학,1
함열고등학교,통합사회,1
함열고등학교,보건,1
함열여자고등학교,통합사회,1
함열여자고등학교,생활과 과학,1
함열여자고등학교,화학Ⅰ,1
함열여자고등학교,통합과학,2
함열여자고등학교,윤리와 사상,1
함열여자고등학교,사회·문화,1
함열여자고등학교,보건 간호,1
함열여자고등학교,간호의 기초,2
함열여자고등학교,일본어Ⅰ,1
함열여자고등학교,진로와 직업,1
함열여자고등학교,기술·가정,1
함열여자고등학교,미술,1
함열여자고등학교,음악,1
함열여자고등학교,운동과 건강,1
함열여자고등학교,체육,1
함열여자고등학교,국어,2
함열여자고등학교,화법과 작문,1
함열여자고등학교,문학,1
함열여자고등학교,수학,1
함열여자고등학교,수학Ⅰ,2
함열여자고등학교,미적분,1
함열여자고등학교,영어,2
함열여자고등학교,영어 회화,1
함열여자고등학교,영어Ⅰ,1
함열여자고등학교,한국사,1
함열여자고등학교,영어 독해와 작문,1
해리고등학교,문학,1
해리고등학교,기타특수,1
해리고등학교,수학Ⅰ,1
해리고등학교,영어,1
해리고등학교,국어,1
해리고등학교,경제,1
해리고등학교,생명과학Ⅰ,1
해리고등학교,체육,1
해리고등학교,한국사,1
호남고등학교,영어,2
호남고등학교,확률과 통계,1
호남고등학교,미적분,1
호남고등학교,수학Ⅰ,2
호남고등학교,수학,2
호남고등학교,문학,2
호남고등학교,화법과 작문,2
호남고등학교,한국사,1
호남고등학교,국어,1
호남고등학교,수학과제 탐구,1
호남고등학교,한문Ⅰ,1
호남고등학교,일본어Ⅱ,1
호남고등학교,중국어Ⅰ,1
호남고등학교,보건,1
호남고등학교,미술,1
호남고등학교,음악,1
호남고등학교,운동과 건강,1
호남고등학교,체육,1
호남고등학교,지구과학Ⅰ,1
호남고등학교,생명과학Ⅰ,1
호남고등학교,화학Ⅰ,1
호남고등학교,물리학Ⅰ,1
호남고등학교,통합과학,2
호남고등학교,생활과 윤리,1
호남고등학교,사회·문화,1
호남고등학교,정치와 법,1
호남고등학교,동아시아사,1
호남고등학교,한국지리,2
호남고등학교,한국사,2
호남고등학교,영어 독해와 작문,2
호남고등학교,영어Ⅰ,2
호남제일고등학교,일본어Ⅰ,1
호남제일고등학교,기하,1
호남제일고등학교,정보,1
호남제일고등학교,음악 감상과 비평,1
호남제일고등학교,미술,1
호남제일고등학교,음악,1
호남제일고등학교,고전과 윤리,1
호남제일고등학교,생활과 윤리,1
호남제일고등학교,사회·문화,1
호남제일고등학교,한국지리,1
호남제일고등학교,통합사회,2
호남제일고등학교,체육,2
호남제일고등학교,지구과학Ⅱ,1
호남제일고등학교,생명과학Ⅱ,1
호남제일고등학교,화학Ⅱ,1
호남제일고등학교,지구과학Ⅰ,1
호남제일고등학교,생명과학Ⅰ,1
호남제일고등학교,화학Ⅰ,1
호남제일고등학교,물리학Ⅰ,1
호남제일고등학교,통합과학,2
호남제일고등학교,사회 과제 연구,1
호남제일고등학교,운동과 건강,1
호남제일고등학교,수학Ⅰ,2
호남제일고등학교,수학,3
호남제일고등학교,언어와 매체,1
호남제일고등학교,독서,3
호남제일고등학교,화법과 작문,2
호남제일고등학교,국어,3
호남제일고등학교,수학Ⅱ,2
호남제일고등학교,한국사,3
호남제일고등학교,영어 독해와 작문,4
호남제일고등학교,영어Ⅰ,2
호남제일고등학교,영어,3
호남제일고등학교,심화 수학Ⅰ,1
호남제일고등학교,수학과제 탐구,1
호남제일고등학교,보건,1
전주제일고등학교,국어,3
전주제일고등학교,지구과학Ⅰ,3
전주제일고등학교,생명과학Ⅱ,1
전주제일고등학교,체육,2
전주제일고등학교,운동과 건강,1
전주제일고등학교,음악,2
전주제일고등학교,미술,2
전주제일고등학교,가정과학,1
전주제일고등학교,일본어Ⅰ,1
전주제일고등학교,중국 문화,1
전주제일고등학교,생활과 한문,1
전주제일고등학교,진로연구,1
전주제일고등학교,기타특수,2
전주제일고등학교,수학,3
전주제일고등학교,수학Ⅰ,2
전주제일고등학교,확률과 통계,1
전주제일고등학교,기하,1
전주제일고등학교,경제 수학,3
전주제일고등학교,영어,3
전주제일고등학교,영어Ⅰ,2
전주제일고등학교,생명과학Ⅰ,1
전주제일고등학교,화법과 작문,4
전주제일고등학교,문학,3
전주제일고등학교,영어 독해와 작문,4
전주제일고등학교,한국사,3
전주제일고등학교,통합사회,3
전주제일고등학교,한국지리,1
전주제일고등학교,정치와 법,1
전주제일고등학교,화학Ⅰ,1
전주제일고등학교,과학탐구실험,1
전주제일고등학교,통합과학,3
전주제일고등학교,윤리와 사상,2
한국마사고등학교,말산업영어,1
한국마사고등학교,확률과 통계,1
한국마사고등학교,화법과 작문,1
한국마사고등학교,진로와 직업,1
한국마사고등학교,통합사회,1
한국마사고등학교,장제,1
한국마사고등학교,재활승마,1
한국마사고등학교,체육,1
한국마사고등학교,통합과학,1
한국마사고등학교,마술학Ⅲ,1
한국게임과학고등학교,컴퓨터 그래픽,1
한국게임과학고등학교,광고 콘텐츠 제작,1
한국게임과학고등학교,응용 프로그래밍 개발,1
한국게임과학고등학교,응용 프로그래밍 화면 구현,1
한국게임과학고등학교,게임 기획,1
한국게임과학고등학교,게임 디자인,1
한국게임과학고등학교,게임 프로그래밍,1
한국게임과학고등학교,성공적인 직업생활,1
한국게임과학고등학교,지식 재산 일반,1
한국게임과학고등학교,미술,1
한국게임과학고등학교,체육,1
한국게임과학고등학교,영상편집,1
한국게임과학고등학교,한국사,1
한국게임과학고등학교,e스포츠 실습,1
한국게임과학고등학교,수학,1
한국게임과학고등학교,통합과학,1
한국게임과학고등학교,통합사회,1
한국게임과학고등학교,영어,1
전북외국어고등학교,중국 문화,1
전북외국어고등학교,중국어 독해와 작문Ⅰ,1
전북외국어고등학교,전공 기초 중국어,1
전북외국어고등학교,스페인어권 문화,1
전북외국어고등학교,스페인어 독해와 작문Ⅰ,1
전북외국어고등학교,전공 기초 스페인어,1
전북외국어고등학교,프랑스어권 문화,1
전북외국어고등학교,프랑스어 독해와 작문Ⅰ,1
전북외국어고등학교,독일어 독해와 작문Ⅰ,1
전북외국어고등학교,전공 기초 독일어,1
전북외국어고등학교,확률과 통계,1
전북외국어고등학교,수학Ⅰ,2
전북외국어고등학교,수학,2
전북외국어고등학교,문학,2
전북외국어고등학교,독서,2
전북외국어고등학교,국어,2
전북외국어고등학교,심화 영어 작문Ⅰ,2
전북외국어고등학교,심화 영어 회화Ⅱ,2
전북외국어고등학교,심화 영어 회화Ⅰ,3
전북외국어고등학교,심리학,2
전북외국어고등학교,보건,1
전북외국어고등학교,미술 창작,1
전북외국어고등학교,음악,1
전북외국어고등학교,운동과 건강,1
전북외국어고등학교,체육,2
전북외국어고등학교,영미 문학 읽기,1
전북외국어고등학교,영어,2
전북외국어고등학교,생명과학Ⅰ,1
전북외국어고등학교,통합과학,2
전북외국어고등학교,고전과 윤리,1
전북외국어고등학교,사회문제 탐구,1
전북외국어고등학교,통합사회,3
전북외국어고등학교,한국사,2
전북외국어고등학교,일본 문화,1
전북외국어고등학교,일본어 독해와 작문Ⅰ,1
전북외국어고등학교,전공 기초 일본어,1
지평선고등학교,수학,1
지평선고등학교,수학Ⅰ,1
지평선고등학교,영어,1
지평선고등학교,한국사,1
지평선고등학교,통합사회,1
지평선고등학교,통합과학,2
지평선고등학교,국어,2
지평선고등학교,미술,1
지평선고등학교,환경,1
지평선고등학교,마음공부,1
지평선고등학교,진로와 직업,1
지평선고등학교,인문학적 상상여행,2
지평선고등학교,체육,1
한국한방고등학교,국어,1
한국한방고등학교,문학,1
한국한방고등학교,수학,1
한국한방고등학교,수학Ⅰ,1
한국한방고등학교,영어Ⅰ,1
한국한방고등학교,실용 영어,1
한국한방고등학교,통합사회,1
한국한방고등학교,통합과학,1
한국한방고등학교,간호의 기초,1
한국한방고등학교,기초 간호 임상 실무,1
한국한방고등학교,요양지원,1
한국한방고등학교,건강 기능 식품 가공,1
한국한방고등학교,버섯 재배,1
한국한방고등학교,전특작 재배,1
양현고등학교,기타특수,1
양현고등학교,화법과 작문,2
양현고등학교,논술,1
양현고등학교,심리학,1
양현고등학교,일본어Ⅱ,1
양현고등학교,중국어Ⅰ,1
양현고등학교,일본어Ⅰ,1
양현고등학교,가정과학,1
양현고등학교,기술·가정,1
양현고등학교,미술 감상과 비평,1
양현고등학교,미술 창작,1
양현고등학교,음악 감상과 비평,1
양현고등학교,스포츠 생활,1
양현고등학교,운동과 건강,1
양현고등학교,체육,1
양현고등학교,지구과학Ⅱ,1
양현고등학교,생명과학Ⅱ,1
양현고등학교,화학Ⅱ,1
양현고등학교,물리학Ⅱ,1
양현고등학교,지구과학Ⅰ,1
양현고등학교,생명과학Ⅰ,1
양현고등학교,화학Ⅰ,1
양현고등학교,물리학Ⅰ,1
양현고등학교,통합과학,3
양현고등학교,윤리와 사상,1
양현고등학교,국어,3
양현고등학교,사회·문화,1
양현고등학교,정치와 법,1
양현고등학교,세계사,1
양현고등학교,세계지리,1
양현고등학교,통합사회,2
양현고등학교,한국사,1
양현고등학교,영어권 문화,1
양현고등학교,영어 독해와 작문,3
양현고등학교,영어Ⅰ,3
양현고등학교,영어,3
양현고등학교,기하,1
양현고등학교,확률과 통계,1
양현고등학교,미적분,2
양현고등학교,생활과 윤리,1
양현고등학교,수학Ⅰ,2
양현고등학교,수학,3
양현고등학교,기타특수,1
양현고등학교,고전 읽기,1
양현고등학교,심화 국어,2
양현고등학교,문학,2
양현고등학교,생활과 한문,1
