과목,과목유형,1학년,2학년,3학년,학교명
공통국어1,공통 과목,1,0,0,만경고
공통국어2,공통 과목,1,0,0,만경고
독서와 작문,일반 선택,0,1,0,만경고
문학,일반 선택,0,1,0,만경고
공통수학1,공통 과목,1,0,0,만경고
공통수학2,공통 과목,1,0,0,만경고
대수,일반 선택,0,1,0,만경고
미적분Ⅰ,일반 선택,0,1,0,만경고
공통영어1,공통 과목,1,0,0,만경고
공통영어2,공통 과목,1,0,0,만경고
영어Ⅰ,일반 선택,0,1,0,만경고
영어Ⅱ,일반 선택,0,1,0,만경고
체육1,일반 선택,1,0,0,만경고
체육2,일반 선택,1,0,0,만경고
스포츠 문화,진로 선택,0,0,1,만경고
스포츠 과학,진로 선택,0,0,1,만경고
스포츠 생활1,융합 선택,0,1,0,만경고
스포츠 생활2,융합 선택,0,1,0,만경고
정보,일반 선택,1,0,0,만경고
중국어,일반 선택,1,0,0,만경고
한국사1,공통 과목,1,0,0,만경고
한국사2,공통 과목,1,0,0,만경고
통합사회1,공통 과목,1,0,0,만경고
통합사회2,공통 과목,1,0,0,만경고
통합과학1,공통 과목,1,0,0,만경고
통합과학2,공통 과목,1,0,0,만경고
과학탐구실험1,공통 과목,1,0,0,만경고
과학탐구실험2,공통 과목,1,0,0,만경고
세계사,일반 선택,0,1,0,만경고
사회와 문화,일반 선택,0,1,0,만경고
현대사회와 윤리,일반 선택,0,1,0,만경고
지구과학,일반 선택,0,1,0,만경고
음악,일반 선택,0,1,0,만경고
미술,일반 선택,0,1,0,만경고
인공지능 기초,진로 선택,0,1,0,만경고
중국어 회화,진로 선택,0,1,0,만경고
진로와 직업,일반 선택,0,1,0,만경고
보건,진로 선택,0,1,0,만경고
세계사,일반 선택,0,1,0,만경고
사회와 문화,일반 선택,0,1,0,만경고
현대사회와 윤리,일반 선택,0,1,0,만경고
생명과학,일반 선택,0,1,0,만경고
음악,일반 선택,0,1,0,만경고
미술,일반 선택,0,1,0,만경고
인공지능 기초,진로 선택,0,1,0,만경고
중국어 회화,진로 선택,0,1,0,만경고
진로와 직업,일반 선택,0,1,0,만경고
보건,진로 선택,0,1,0,만경고
화법과 언어,일반 선택,0,0,1,만경고
문학과 영상,진로 선택,0,0,1,만경고
확률과 통계,일반 선택,0,0,1,만경고
기하,진로 선택,0,0,1,만경고
영어 독해와 작문,일반 선택,0,0,1,만경고
심화 영어,진로 선택,0,0,1,만경고
언어생활 탐구,융합 선택,0,0,1,만경고
미적분Ⅱ,진로 선택,0,0,1,만경고
실생활 영어 회화,융합 선택,0,0,1,만경고
중국 문화,융합 선택,0,0,1,만경고
동아시아 역사 기행,진로 선택,0,0,1,만경고
법과 사회,진로 선택,0,0,1,만경고
윤리와 사상,진로 선택,0,0,1,만경고
세포와 물질대사,진로 선택,0,0,1,만경고
운동과 건강,진로 선택,0,0,1,만경고
음악 감상과 비평,진로 선택,0,0,1,만경고
소프트웨어와 생활,융합 선택,0,0,1,만경고
심화 중국어,진로 선택,0,0,1,만경고
주제 탐구 독서,진로 선택,0,0,1,만경고
직무 의사소통,진로 선택,0,0,1,만경고
경제 수학,진로 선택,0,0,1,만경고
인공지능 수학,진로 선택,0,0,1,만경고
영미 문학 읽기,진로 선택,0,0,1,만경고
직무 영어,진로 선택,0,0,1,만경고
언어생활 탐구,융합 선택,0,0,1,만경고
수학과 문화,융합 선택,0,0,1,만경고
실생활 영어 회화,융합 선택,0,0,1,만경고
데이터 과학,진로 선택,0,0,1,만경고
인문학과 윤리,진로 선택,0,0,1,만경고
역사로 탐구하는 현대 세계,융합 선택,0,0,1,만경고
사회문제 탐구,융합 선택,0,0,1,만경고
지구시스템과학,진로 선택,0,0,1,만경고
운동과 건강,진로 선택,0,0,1,만경고
음악 연주와 창작,진로 선택,0,0,1,만경고
소프트웨어와 생활,융합 선택,0,0,1,만경고
심화 중국어,진로 선택,0,0,1,만경고
공통국어1,공통 과목,1,0,0,만경여고
공통국어2,공통 과목,1,0,0,만경여고
화법과 언어,일반 선택,0,1,0,만경여고
독서와 작문,일반 선택,0,1,0,만경여고
문학,일반 선택,0,0,1,만경여고
직무 의사소통,진로 선택,0,0,1,만경여고
공통수학1,공통 과목,1,0,0,만경여고
공통수학2,공통 과목,1,0,0,만경여고
대수,일반 선택,0,1,0,만경여고
미적분Ⅰ,일반 선택,0,0,1,만경여고
확률과 통계,일반 선택,0,1,0,만경여고
수학과제 탐구,융합 선택,0,0,1,만경여고
공통영어1,공통 과목,1,0,0,만경여고
공통영어2,공통 과목,1,0,0,만경여고
영어Ⅰ,일반 선택,0,1,0,만경여고
영어Ⅱ,일반 선택,0,1,0,만경여고
영어 독해와 작문,일반 선택,0,0,1,만경여고
실생활 영어 회화,융합 선택,0,0,1,만경여고
체육1,일반 선택,1,0,0,만경여고
체육2,일반 선택,1,0,0,만경여고
스포츠 문화,진로 선택,0,0,1,만경여고
스포츠 과학,진로 선택,0,0,1,만경여고
스포츠 생활1,융합 선택,0,1,0,만경여고
스포츠 생활2,융합 선택,0,1,0,만경여고
음악,일반 선택,1,0,0,만경여고
미술,일반 선택,1,0,0,만경여고
음악 연주와 창작,진로 선택,0,1,0,만경여고
음악 감상과 비평,진로 선택,0,0,1,만경여고
미술 감상과 비평,진로 선택,1,0,0,만경여고
음악과 미디어,융합 선택,0,0,1,만경여고
한국사1,공통 과목,1,0,0,만경여고
한국사2,공통 과목,1,0,0,만경여고
통합사회1,공통 과목,1,0,0,만경여고
통합사회2,공통 과목,1,0,0,만경여고
사회와 문화,일반 선택,0,1,0,만경여고
동아시아 역사 기행,진로 선택,0,1,0,만경여고
정치,진로 선택,0,0,1,만경여고
법과 사회,진로 선택,0,1,0,만경여고
경제,진로 선택,0,0,1,만경여고
진로와 직업,일반 선택,0,0,1,만경여고
보건,진로 선택,1,0,0,만경여고
논술,융합 선택,0,0,1,만경여고
통합과학1,공통 과목,1,0,0,만경여고
통합과학2,공통 과목,1,0,0,만경여고
과학탐구실험1,공통 과목,1,0,0,만경여고
과학탐구실험2,공통 과목,1,0,0,만경여고
과학의 역사와 문화,융합 선택,0,0,1,만경여고
융합과학 탐구,융합 선택,0,0,1,만경여고
인체 구조와 기능,전공 일반,0,0,1,만경여고
기술·가정,일반 선택,0,1,0,만경여고
정보,일반 선택,0,1,0,만경여고
인공지능 기초,진로 선택,0,1,0,만경여고
인체 구조와 기능,전공 일반,0,1,0,만경여고
간호의 기초,전공 일반,0,1,0,만경여고
기업과 경영,전공 일반,0,1,0,만경여고
세계시민과 지리,일반 선택,0,1,0,만경여고
세계사,일반 선택,0,1,0,만경여고
여행지리,융합 선택,0,1,0,만경여고
물리학,일반 선택,0,1,0,만경여고
생명과학,일반 선택,0,1,0,만경여고
생물의 유전,진로 선택,0,1,0,만경여고
윤리와 사상,진로 선택,0,0,1,만경여고
인문학과 윤리,진로 선택,0,0,1,만경여고
윤리문제 탐구,융합 선택,0,0,1,만경여고
기초 간호 임상 실무,전공 일반,0,0,1,만경여고
보건 의료 법규,전공 일반,0,0,1,만경여고
영유아 건강⋅안전⋅영양 지도,전공 실무,0,0,1,만경여고
프랑스어,일반 선택,0,0,1,만경여고
중국어,일반 선택,0,0,1,만경여고
일본어,일반 선택,0,0,1,만경여고
인간과 철학,진로 선택,0,0,1,만경여고
인간과 심리,진로 선택,0,0,1,만경여고
교육의 이해,진로 선택,0,0,1,만경여고
공통국어1,공통 과목,1,0,0,군산중앙고
공통국어2,공통 과목,1,0,0,군산중앙고
공통수학1,공통 과목,1,0,0,군산중앙고
공통수학2,공통 과목,1,0,0,군산중앙고
공통영어1,공통 과목,1,0,0,군산중앙고
공통영어2,공통 과목,1,0,0,군산중앙고
체육1,일반 선택,1,0,0,군산중앙고
체육2,일반 선택,1,0,0,군산중앙고
운동과 건강,진로 선택,0,0,1,군산중앙고
스포츠 문화,진로 선택,0,1,0,군산중앙고
스포츠 과학,진로 선택,0,1,0,군산중앙고
스포츠 생활1,융합 선택,0,0,1,군산중앙고
음악,일반 선택,1,0,0,군산중앙고
미술,일반 선택,0,1,0,군산중앙고
음악 감상과 비평,진로 선택,1,0,0,군산중앙고
미술 창작,진로 선택,0,1,0,군산중앙고
한국사1,공통 과목,1,0,0,군산중앙고
한국사2,공통 과목,1,0,0,군산중앙고
통합사회1,공통 과목,1,0,0,군산중앙고
통합사회2,공통 과목,1,0,0,군산중앙고
통합과학1,공통 과목,1,0,0,군산중앙고
통합과학2,공통 과목,1,0,0,군산중앙고
과학탐구실험1,공통 과목,1,0,0,군산중앙고
과학탐구실험2,공통 과목,1,0,0,군산중앙고
문학,일반 선택,0,1,0,군산중앙고
대수,일반 선택,0,1,0,군산중앙고
영어Ⅰ,일반 선택,0,1,0,군산중앙고
정보,일반 선택,0,1,0,군산중앙고
중국어,일반 선택,0,1,0,군산중앙고
일본어,일반 선택,0,1,0,군산중앙고
세계시민과 지리,일반 선택,0,1,0,군산중앙고
사회와 문화,일반 선택,0,1,0,군산중앙고
현대사회와 윤리,일반 선택,0,1,0,군산중앙고
경제,진로 선택,0,1,0,군산중앙고
생태와 환경,일반 선택,0,1,0,군산중앙고
물리학,일반 선택,0,1,0,군산중앙고
화학,일반 선택,0,1,0,군산중앙고
생명과학,일반 선택,0,1,0,군산중앙고
지구과학,일반 선택,0,1,0,군산중앙고
주제 탐구 독서,진로 선택,0,1,0,군산중앙고
기하,진로 선택,0,1,0,군산중앙고
실생활 영어 회화,융합 선택,0,1,0,군산중앙고
음악 연주와 창작,진로 선택,0,1,0,군산중앙고
사회문제 탐구,융합 선택,0,1,0,군산중앙고
기후변화와 지속가능한 세계,융합 선택,0,1,0,군산중앙고
인간과 심리,진로 선택,0,1,0,군산중앙고
보건,진로 선택,0,1,0,군산중앙고
과학의 역사와 문화,융합 선택,0,1,0,군산중앙고
융합과학 탐구,융합 선택,0,1,0,군산중앙고
화법과 언어,일반 선택,0,1,0,군산중앙고
독서와 작문,일반 선택,0,1,0,군산중앙고
미적분Ⅰ,일반 선택,0,1,0,군산중앙고
확률과 통계,일반 선택,0,1,0,군산중앙고
영어Ⅱ,일반 선택,0,1,0,군산중앙고
정보,일반 선택,0,1,0,군산중앙고
중국어,일반 선택,0,1,0,군산중앙고
일본어,일반 선택,0,1,0,군산중앙고
한국지리 탐구,진로 선택,0,1,0,군산중앙고
법과 사회,진로 선택,0,1,0,군산중앙고
경제,진로 선택,0,1,0,군산중앙고
인문학과 윤리,진로 선택,0,1,0,군산중앙고
생태와 환경,일반 선택,0,1,0,군산중앙고
물리학,일반 선택,0,1,0,군산중앙고
화학,일반 선택,0,1,0,군산중앙고
생명과학,일반 선택,0,1,0,군산중앙고
지구과학,일반 선택,0,1,0,군산중앙고
역학과 에너지,진로 선택,0,1,0,군산중앙고
물질과 에너지,진로 선택,0,1,0,군산중앙고
세포와 물질대사,진로 선택,0,1,0,군산중앙고
지구시스템과학,진로 선택,0,1,0,군산중앙고
주제 탐구 독서,진로 선택,0,1,0,군산중앙고
기하,진로 선택,0,1,0,군산중앙고
세계 문화와 영어,융합 선택,0,1,0,군산중앙고
음악 연주와 창작,진로 선택,0,1,0,군산중앙고
사회문제 탐구,융합 선택,0,1,0,군산중앙고
기후변화와 지속가능한 세계,융합 선택,0,1,0,군산중앙고
인간과 심리,진로 선택,0,1,0,군산중앙고
보건,진로 선택,0,1,0,군산중앙고
과학의 역사와 문화,융합 선택,0,1,0,군산중앙고
융합과학 탐구,융합 선택,0,1,0,군산중앙고
화법과 언어,일반 선택,0,0,1,군산중앙고
독서와 작문,일반 선택,0,0,1,군산중앙고
확률과 통계,일반 선택,0,0,1,군산중앙고
미적분Ⅱ,진로 선택,0,0,1,군산중앙고
인공지능 수학,진로 선택,0,0,1,군산중앙고
영어 독해와 작문,일반 선택,0,0,1,군산중앙고
영미 문학 읽기,진로 선택,0,0,1,군산중앙고
중국어 회화,진로 선택,0,0,1,군산중앙고
일본어 회화,진로 선택,0,0,1,군산중앙고
세계사,일반 선택,0,0,1,군산중앙고
윤리문제 탐구,융합 선택,0,0,1,군산중앙고
논술,융합 선택,0,0,1,군산중앙고
역학과 에너지,진로 선택,0,0,1,군산중앙고
전자기와 양자,진로 선택,0,0,1,군산중앙고
물질과 에너지,진로 선택,0,0,1,군산중앙고
화학 반응의 세계,진로 선택,0,0,1,군산중앙고
세포와 물질대사,진로 선택,0,0,1,군산중앙고
생물의 유전,진로 선택,0,0,1,군산중앙고
지구시스템과학,진로 선택,0,0,1,군산중앙고
행성우주과학,진로 선택,0,0,1,군산중앙고
환경 기술,전공 일반,0,0,1,군산중앙고
언어생활 탐구,융합 선택,0,0,1,군산중앙고
경제 수학,진로 선택,0,0,1,군산중앙고
영어 발표와 토론,진로 선택,0,0,1,군산중앙고
인공지능 기초,진로 선택,0,0,1,군산중앙고
도시의 미래 탐구,진로 선택,0,0,1,군산중앙고
동아시아 역사 기행,진로 선택,0,0,1,군산중앙고
국제 관계의 이해,진로 선택,0,0,1,군산중앙고
진로와 직업,일반 선택,0,0,1,군산중앙고
교육의 이해,진로 선택,0,0,1,군산중앙고
인간과 경제활동,융합 선택,0,0,1,군산중앙고
기후변화와 환경생태,융합 선택,0,0,1,군산중앙고
문학과 영상,진로 선택,0,0,1,군산중앙고
독서 토론과 글쓰기,융합 선택,0,0,1,군산중앙고
인공지능 수학,진로 선택,0,0,1,군산중앙고
수학과제 탐구,융합 선택,0,0,1,군산중앙고
심화 영어,진로 선택,0,0,1,군산중앙고
심화 영어 독해와 작문,진로 선택,0,0,1,군산중앙고
중국 문화,융합 선택,0,0,1,군산중앙고
일본 문화,융합 선택,0,0,1,군산중앙고
세계사,일반 선택,0,0,1,군산중앙고
정치,진로 선택,0,0,1,군산중앙고
윤리와 사상,진로 선택,0,0,1,군산중앙고
논술,융합 선택,0,0,1,군산중앙고
전자기와 양자,진로 선택,0,0,1,군산중앙고
화학 반응의 세계,진로 선택,0,0,1,군산중앙고
생물의 유전,진로 선택,0,0,1,군산중앙고
행성우주과학,진로 선택,0,0,1,군산중앙고
환경 기술,전공 일반,0,0,1,군산중앙고
매체 의사소통,융합 선택,0,0,1,군산중앙고
경제 수학,진로 선택,0,0,1,군산중앙고
미디어 영어,융합 선택,0,0,1,군산중앙고
인공지능 기초,진로 선택,0,0,1,군산중앙고
여행지리,융합 선택,0,0,1,군산중앙고
역사로 탐구하는 현대 세계,융합 선택,0,0,1,군산중앙고
금융과 경제생활,융합 선택,0,0,1,군산중앙고
진로와 직업,일반 선택,0,0,1,군산중앙고
교육의 이해,진로 선택,0,0,1,군산중앙고
기후변화와 환경생태,융합 선택,0,0,1,군산중앙고
공통국어1,공통 과목,1,0,0,김제고
공통국어2,공통 과목,1,0,0,김제고
독서와 작문,일반 선택,0,1,0,김제고
문학,일반 선택,0,1,0,김제고
공통수학1,공통 과목,1,0,0,김제고
공통수학2,공통 과목,1,0,0,김제고
대수,일반 선택,0,1,0,김제고
미적분Ⅰ,일반 선택,0,1,0,김제고
확률과 통계,일반 선택,0,1,0,김제고
공통영어1,공통 과목,1,0,0,김제고
공통영어2,공통 과목,1,0,0,김제고
영어Ⅰ,일반 선택,0,1,0,김제고
영어Ⅱ,일반 선택,0,1,0,김제고
체육1,일반 선택,1,0,0,김제고
체육2,일반 선택,1,0,0,김제고
운동과 건강,진로 선택,0,1,0,김제고
스포츠 문화,진로 선택,0,0,1,김제고
스포츠 과학,진로 선택,0,0,1,김제고
스포츠 생활1,융합 선택,0,1,0,김제고
음악,일반 선택,1,0,0,김제고
미술,일반 선택,1,0,0,김제고
음악 감상과 비평,진로 선택,0,1,0,김제고
미술 감상과 비평,진로 선택,0,1,0,김제고
한국사1,공통 과목,1,0,0,김제고
한국사2,공통 과목,1,0,0,김제고
통합사회1,공통 과목,1,0,0,김제고
통합사회2,공통 과목,1,0,0,김제고
통합과학1,공통 과목,1,0,0,김제고
통합과학2,공통 과목,1,0,0,김제고
과학탐구실험1,공통 과목,1,0,0,김제고
과학탐구실험2,공통 과목,1,0,0,김제고
세계시민과 지리,일반 선택,0,1,0,김제고
세계사,일반 선택,0,1,0,김제고
사회와 문화,일반 선택,0,1,0,김제고
물리학,일반 선택,0,1,0,김제고
화학,일반 선택,0,1,0,김제고
생명과학,일반 선택,0,1,0,김제고
지구과학,일반 선택,0,1,0,김제고
한국지리 탐구,진로 선택,0,1,0,김제고
동아시아 역사 기행,진로 선택,0,1,0,김제고
법과 사회,진로 선택,0,1,0,김제고
역학과 에너지,진로 선택,0,1,0,김제고
물질과 에너지,진로 선택,0,1,0,김제고
세포와 물질대사,진로 선택,0,1,0,김제고
지구시스템과학,진로 선택,0,1,0,김제고
기술·가정,일반 선택,0,1,0,김제고
정보,일반 선택,0,1,0,김제고
화법과 언어,일반 선택,0,0,1,김제고
미적분Ⅱ,진로 선택,0,0,1,김제고
경제 수학,진로 선택,0,0,1,김제고
영어 독해와 작문,일반 선택,0,0,1,김제고
영미 문학 읽기,진로 선택,0,0,1,김제고
주제 탐구 독서,진로 선택,0,0,1,김제고
문학과 영상,진로 선택,0,0,1,김제고
인공지능 수학,진로 선택,0,0,1,김제고
실용 통계,융합 선택,0,0,1,김제고
심화 영어,진로 선택,0,0,1,김제고
심화 영어 독해와 작문,진로 선택,0,0,1,김제고
기하,진로 선택,0,0,1,김제고
윤리와 사상,진로 선택,0,0,1,김제고
여행지리,융합 선택,0,0,1,김제고
금융과 경제생활,융합 선택,0,0,1,김제고
전자기와 양자,진로 선택,0,0,1,김제고
화학 반응의 세계,진로 선택,0,0,1,김제고
생물의 유전,진로 선택,0,0,1,김제고
행성우주과학,진로 선택,0,0,1,김제고
정치,진로 선택,0,0,1,김제고
윤리문제 탐구,융합 선택,0,0,1,김제고
기후변화와 지속가능한 세계,융합 선택,0,0,1,김제고
과학의 역사와 문화,융합 선택,0,0,1,김제고
기후변화와 환경생태,융합 선택,0,0,1,김제고
융합과학 탐구,융합 선택,0,0,1,김제고
생태와 환경,일반 선택,0,0,1,김제고
인간과 심리,진로 선택,0,0,1,김제고
교육의 이해,진로 선택,0,0,1,김제고
보건,진로 선택,0,0,1,김제고
생태와 환경,일반 선택,0,0,1,김제고
인간과 심리,진로 선택,0,0,1,김제고
교육의 이해,진로 선택,0,0,1,김제고
보건,진로 선택,0,0,1,김제고
중국어,일반 선택,0,0,1,김제고
일본어,일반 선택,0,0,1,김제고
한문,일반 선택,0,0,1,김제고
중국어 회화,진로 선택,0,0,1,김제고
일본어 회화,진로 선택,0,0,1,김제고
한문,일반 선택,0,0,1,김제고
언어생활과 한자,융합 선택,0,0,1,김제고
공통국어1,공통 과목,1,0,0,김제서고
공통국어2,공통 과목,1,0,0,김제서고
화법과 언어,일반 선택,0,1,0,김제서고
독서와 작문,일반 선택,0,1,0,김제서고
문학,일반 선택,0,0,1,김제서고
주제 탐구 독서,진로 선택,0,0,1,김제서고
공통수학1,공통 과목,1,0,0,김제서고
공통수학2,공통 과목,1,0,0,김제서고
대수,일반 선택,0,1,0,김제서고
미적분Ⅰ,일반 선택,0,1,0,김제서고
확률과 통계,일반 선택,0,0,1,김제서고
미적분Ⅱ,진로 선택,0,0,1,김제서고
공통영어1,공통 과목,1,0,0,김제서고
공통영어2,공통 과목,1,0,0,김제서고
영어Ⅰ,일반 선택,0,1,0,김제서고
영어Ⅱ,일반 선택,0,1,0,김제서고
영어 독해와 작문,일반 선택,0,0,1,김제서고
심화 영어 독해와 작문,진로 선택,0,0,1,김제서고
체육1,일반 선택,1,0,0,김제서고
체육2,일반 선택,1,0,0,김제서고
운동과 건강,진로 선택,0,1,0,김제서고
스포츠 문화,진로 선택,0,0,1,김제서고
스포츠 생활1,융합 선택,0,1,0,김제서고
스포츠 생활2,융합 선택,0,0,1,김제서고
음악,일반 선택,1,0,0,김제서고
음악 연주와 창작,진로 선택,1,0,0,김제서고
음악 감상과 비평,진로 선택,0,1,0,김제서고
음악과 미디어,융합 선택,0,1,0,김제서고
한문,일반 선택,0,1,0,김제서고
한문 고전 읽기,진로 선택,0,1,0,김제서고
한국사1,공통 과목,1,0,0,김제서고
한국사2,공통 과목,1,0,0,김제서고
통합사회1,공통 과목,1,0,0,김제서고
통합사회2,공통 과목,1,0,0,김제서고
통합과학1,공통 과목,1,0,0,김제서고
통합과학2,공통 과목,1,0,0,김제서고
과학탐구실험1,공통 과목,1,0,0,김제서고
과학탐구실험2,공통 과목,1,0,0,김제서고
화학 반응의 세계,진로 선택,0,0,1,김제서고
과학의 역사와 문화,융합 선택,0,0,1,김제서고
음악 이론,진로 선택,0,0,1,김제서고
음악사,진로 선택,0,0,1,김제서고
세계시민과 지리,일반 선택,0,1,0,김제서고
세계사,일반 선택,0,1,0,김제서고
사회와 문화,일반 선택,0,1,0,김제서고
현대사회와 윤리,일반 선택,0,1,0,김제서고
물리학,일반 선택,0,1,0,김제서고
화학,일반 선택,0,1,0,김제서고
생명과학,일반 선택,0,1,0,김제서고
지구과학,일반 선택,0,1,0,김제서고
동아시아 역사 기행,진로 선택,0,1,0,김제서고
정치,진로 선택,0,1,0,김제서고
법과 사회,진로 선택,0,1,0,김제서고
윤리와 사상,진로 선택,0,1,0,김제서고
물질과 에너지,진로 선택,0,1,0,김제서고
세포와 물질대사,진로 선택,0,1,0,김제서고
생물의 유전,진로 선택,0,1,0,김제서고
행성우주과학,진로 선택,0,1,0,김제서고
진로와 직업,일반 선택,0,0,1,김제서고
생태와 환경,일반 선택,0,0,1,김제서고
인간과 철학,진로 선택,0,0,1,김제서고
인간과 심리,진로 선택,0,0,1,김제서고
교육의 이해,진로 선택,0,0,1,김제서고
보건,진로 선택,0,0,1,김제서고
진로와 직업,일반 선택,0,0,1,김제서고
생태와 환경,일반 선택,0,0,1,김제서고
인간과 철학,진로 선택,0,0,1,김제서고
인간과 심리,진로 선택,0,0,1,김제서고
교육의 이해,진로 선택,0,0,1,김제서고
보건,진로 선택,0,0,1,김제서고
공통국어1,공통 과목,1,0,0,김제여고
공통국어2,공통 과목,1,0,0,김제여고
공통수학1,공통 과목,1,0,0,김제여고
공통수학2,공통 과목,1,0,0,김제여고
공통영어1,공통 과목,1,0,0,김제여고
공통영어2,공통 과목,1,0,0,김제여고
체육1,일반 선택,1,0,0,김제여고
체육2,일반 선택,1,0,0,김제여고
스포츠 문화,진로 선택,0,1,0,김제여고
스포츠 과학,진로 선택,0,1,0,김제여고
스포츠 생활1,융합 선택,0,0,1,김제여고
스포츠 생활2,융합 선택,0,0,1,김제여고
음악 연주와 창작,진로 선택,0,0,1,김제여고
미술 창작,진로 선택,0,0,1,김제여고
한국사1,공통 과목,1,0,0,김제여고
한국사2,공통 과목,1,0,0,김제여고
통합사회1,공통 과목,1,0,0,김제여고
통합사회2,공통 과목,1,0,0,김제여고
통합과학1,공통 과목,1,0,0,김제여고
통합과학2,공통 과목,1,0,0,김제여고
과학탐구실험1,공통 과목,1,0,0,김제여고
과학탐구실험2,공통 과목,1,0,0,김제여고
음악,일반 선택,1,0,0,김제여고
미술,일반 선택,1,0,0,김제여고
음악,일반 선택,1,0,0,김제여고
미술,일반 선택,1,0,0,김제여고
문학,일반 선택,0,1,0,김제여고
주제 탐구 독서,진로 선택,0,1,0,김제여고
대수,일반 선택,0,1,0,김제여고
확률과 통계,일반 선택,0,1,0,김제여고
영어Ⅰ,일반 선택,0,1,0,김제여고
영미 문학 읽기,진로 선택,0,1,0,김제여고
음악 감상과 비평,진로 선택,0,1,0,김제여고
기술·가정,일반 선택,0,1,0,김제여고
중국어,일반 선택,0,1,0,김제여고
일본어,일반 선택,0,1,0,김제여고
한문,일반 선택,0,1,0,김제여고
세계사,일반 선택,0,1,0,김제여고
사회와 문화,일반 선택,0,1,0,김제여고
현대사회와 윤리,일반 선택,0,1,0,김제여고
경제,진로 선택,0,1,0,김제여고
화학,일반 선택,0,1,0,김제여고
생명과학,일반 선택,0,1,0,김제여고
지구과학,일반 선택,0,1,0,김제여고
창업 일반,전공 일반,0,1,0,김제여고
독서와 작문,일반 선택,0,1,0,김제여고
주제 탐구 독서,진로 선택,0,1,0,김제여고
미적분Ⅰ,일반 선택,0,1,0,김제여고
기하,진로 선택,0,1,0,김제여고
영어Ⅱ,일반 선택,0,1,0,김제여고
영어 독해와 작문,일반 선택,0,1,0,김제여고
미술 감상과 비평,진로 선택,0,1,0,김제여고
기술·가정,일반 선택,0,1,0,김제여고
중국어,일반 선택,0,1,0,김제여고
일본어,일반 선택,0,1,0,김제여고
한문,일반 선택,0,1,0,김제여고
세계사,일반 선택,0,1,0,김제여고
사회와 문화,일반 선택,0,1,0,김제여고
현대사회와 윤리,일반 선택,0,1,0,김제여고
한국지리 탐구,진로 선택,0,1,0,김제여고
생태와 환경,일반 선택,0,1,0,김제여고
물리학,일반 선택,0,1,0,김제여고
화학,일반 선택,0,1,0,김제여고
생명과학,일반 선택,0,1,0,김제여고
지구과학,일반 선택,0,1,0,김제여고
화학 실험,융합 선택,0,1,0,김제여고
생명과학 실험,융합 선택,0,1,0,김제여고
화법과 언어,일반 선택,0,0,1,김제여고
언어생활 탐구,융합 선택,0,0,1,김제여고
미적분Ⅱ,진로 선택,0,0,1,김제여고
수학과제 탐구,융합 선택,0,0,1,김제여고
심화 영어,진로 선택,0,0,1,김제여고
미디어 영어,융합 선택,0,0,1,김제여고
생활과학 탐구,진로 선택,0,0,1,김제여고
언어생활과 한자,융합 선택,0,0,1,김제여고
중국 문화,융합 선택,0,0,1,김제여고
일본 문화,융합 선택,0,0,1,김제여고
도시의 미래 탐구,진로 선택,0,0,1,김제여고
법과 사회,진로 선택,0,0,1,김제여고
윤리와 사상,진로 선택,0,0,1,김제여고
전자기와 양자,진로 선택,0,0,1,김제여고
화학 반응의 세계,진로 선택,0,0,1,김제여고
세포와 물질대사,진로 선택,0,0,1,김제여고
지구시스템과학,진로 선택,0,0,1,김제여고
융합과학 탐구,융합 선택,0,0,1,김제여고
문학과 영상,진로 선택,0,0,1,김제여고
매체 의사소통,융합 선택,0,0,1,김제여고
경제 수학,진로 선택,0,0,1,김제여고
인공지능 수학,진로 선택,0,0,1,김제여고
심화 영어 독해와 작문,진로 선택,0,0,1,김제여고
세계 문화와 영어,융합 선택,0,0,1,김제여고
생활과학 탐구,진로 선택,0,0,1,김제여고
한문 고전 읽기,진로 선택,0,0,1,김제여고
중국 문화,융합 선택,0,0,1,김제여고
일본 문화,융합 선택,0,0,1,김제여고
여행지리,융합 선택,0,0,1,김제여고
사회문제 탐구,융합 선택,0,0,1,김제여고
윤리문제 탐구,융합 선택,0,0,1,김제여고
역학과 에너지,진로 선택,0,0,1,김제여고
물질과 에너지,진로 선택,0,0,1,김제여고
생물의 유전,진로 선택,0,0,1,김제여고
행성우주과학,진로 선택,0,0,1,김제여고
공통국어1,공통 과목,1,0,0,남원고
공통국어2,공통 과목,1,0,0,남원고
공통수학1,공통 과목,1,0,0,남원고
공통수학2,공통 과목,1,0,0,남원고
공통영어1,공통 과목,1,0,0,남원고
공통영어2,공통 과목,1,0,0,남원고
체육1,일반 선택,0,1,0,남원고
체육2,일반 선택,0,1,0,남원고
스포츠 문화,진로 선택,1,0,0,남원고
스포츠 과학,진로 선택,1,0,0,남원고
스포츠 생활1,융합 선택,0,0,1,남원고
스포츠 생활2,융합 선택,0,0,1,남원고
한국사1,공통 과목,1,0,0,남원고
한국사2,공통 과목,1,0,0,남원고
통합사회1,공통 과목,1,0,0,남원고
통합사회2,공통 과목,1,0,0,남원고
통합과학1,공통 과목,1,0,0,남원고
통합과학2,공통 과목,1,0,0,남원고
과학탐구실험1,공통 과목,1,0,0,남원고
과학탐구실험2,공통 과목,1,0,0,남원고
음악,일반 선택,1,0,0,남원고
미술,일반 선택,1,0,0,남원고
음악,일반 선택,1,0,0,남원고
미술,일반 선택,1,0,0,남원고
기술·가정,일반 선택,1,0,0,남원고
정보,일반 선택,1,0,0,남원고
기술·가정,일반 선택,1,0,0,남원고
정보,일반 선택,1,0,0,남원고
음악 연주와 창작,진로 선택,0,0,1,남원고
미술 창작,진로 선택,0,0,1,남원고
음악 연주와 창작,진로 선택,0,0,1,남원고
미술 창작,진로 선택,0,0,1,남원고
생활과학 탐구,진로 선택,0,1,0,남원고
중국어,일반 선택,0,1,0,남원고
일본어,일반 선택,0,1,0,남원고
한문,일반 선택,0,1,0,남원고
로봇과 공학세계,진로 선택,0,1,0,남원고
한문 고전 읽기,진로 선택,0,1,0,남원고
심화 중국어,진로 선택,0,1,0,남원고
심화 일본어,진로 선택,0,1,0,남원고
중국어 회화,진로 선택,0,0,1,남원고
일본어 회화,진로 선택,0,0,1,남원고
언어생활과 한자,융합 선택,0,0,1,남원고
언어생활과 한자,융합 선택,0,0,1,남원고
중국 문화,융합 선택,0,0,1,남원고
일본 문화,융합 선택,0,0,1,남원고
논술,융합 선택,0,0,1,남원고
문학,일반 선택,0,1,0,남원고
대수,일반 선택,0,1,0,남원고
영어Ⅰ,일반 선택,0,1,0,남원고
세계시민과 지리,일반 선택,0,1,0,남원고
사회와 문화,일반 선택,0,1,0,남원고
현대사회와 윤리,일반 선택,0,1,0,남원고
동아시아 역사 기행,진로 선택,0,1,0,남원고
물리학,일반 선택,0,1,0,남원고
화학,일반 선택,0,1,0,남원고
생명과학,일반 선택,0,1,0,남원고
지구과학,일반 선택,0,1,0,남원고
화법과 언어,일반 선택,0,1,0,남원고
주제 탐구 독서,진로 선택,0,1,0,남원고
미적분Ⅰ,일반 선택,0,1,0,남원고
기하,진로 선택,0,1,0,남원고
영어Ⅱ,일반 선택,0,1,0,남원고
한국지리 탐구,진로 선택,0,1,0,남원고
정치,진로 선택,0,1,0,남원고
법과 사회,진로 선택,0,1,0,남원고
윤리와 사상,진로 선택,0,1,0,남원고
역사로 탐구하는 현대 세계,융합 선택,0,1,0,남원고
전자기와 양자,진로 선택,0,1,0,남원고
물질과 에너지,진로 선택,0,1,0,남원고
세포와 물질대사,진로 선택,0,1,0,남원고
지구시스템과학,진로 선택,0,1,0,남원고
독서와 작문,일반 선택,0,0,1,남원고
확률과 통계,일반 선택,0,0,1,남원고
미적분Ⅱ,진로 선택,0,0,1,남원고
영어 독해와 작문,일반 선택,0,0,1,남원고
심화 영어,진로 선택,0,0,1,남원고
세계사,일반 선택,0,0,1,남원고
도시의 미래 탐구,진로 선택,0,0,1,남원고
경제,진로 선택,0,0,1,남원고
인문학과 윤리,진로 선택,0,0,1,남원고
역학과 에너지,진로 선택,0,0,1,남원고
화학 반응의 세계,진로 선택,0,0,1,남원고
생물의 유전,진로 선택,0,0,1,남원고
행성우주과학,진로 선택,0,0,1,남원고
언어생활 탐구,융합 선택,0,0,1,남원고
경제 수학,진로 선택,0,0,1,남원고
인공지능 수학,진로 선택,0,0,1,남원고
영미 문학 읽기,진로 선택,0,0,1,남원고
여행지리,융합 선택,0,0,1,남원고
사회문제 탐구,융합 선택,0,0,1,남원고
금융과 경제생활,융합 선택,0,0,1,남원고
윤리문제 탐구,융합 선택,0,0,1,남원고
융합과학 탐구,융합 선택,0,0,1,남원고
공통국어1,공통 과목,1,0,0,남원서진여고
공통국어2,공통 과목,1,0,0,남원서진여고
독서와 작문,일반 선택,0,1,0,남원서진여고
문학,일반 선택,0,1,0,남원서진여고
공통수학1,공통 과목,1,0,0,남원서진여고
공통수학2,공통 과목,1,0,0,남원서진여고
대수,일반 선택,0,1,0,남원서진여고
미적분Ⅰ,일반 선택,0,1,0,남원서진여고
공통영어1,공통 과목,1,0,0,남원서진여고
공통영어2,공통 과목,1,0,0,남원서진여고
영어Ⅰ,일반 선택,0,1,0,남원서진여고
영어Ⅱ,일반 선택,0,1,0,남원서진여고
체육1,일반 선택,1,0,0,남원서진여고
체육2,일반 선택,1,0,0,남원서진여고
스포츠 문화,진로 선택,0,1,0,남원서진여고
스포츠 과학,진로 선택,0,1,0,남원서진여고
스포츠 생활1,융합 선택,0,0,1,남원서진여고
스포츠 생활2,융합 선택,0,0,1,남원서진여고
음악,일반 선택,0,1,0,남원서진여고
미술,일반 선택,1,0,0,남원서진여고
음악 감상과 비평,진로 선택,0,1,0,남원서진여고
미술 창작,진로 선택,1,0,0,남원서진여고
정보,일반 선택,0,1,0,남원서진여고
인공지능 기초,진로 선택,0,1,0,남원서진여고
한국사1,공통 과목,1,0,0,남원서진여고
한국사2,공통 과목,1,0,0,남원서진여고
통합사회1,공통 과목,1,0,0,남원서진여고
통합사회2,공통 과목,1,0,0,남원서진여고
통합과학1,공통 과목,1,0,0,남원서진여고
통합과학2,공통 과목,1,0,0,남원서진여고
과학탐구실험1,공통 과목,1,0,0,남원서진여고
과학탐구실험2,공통 과목,1,0,0,남원서진여고
세계시민과 지리,일반 선택,0,1,0,남원서진여고
세계사,일반 선택,0,1,0,남원서진여고
사회와 문화,일반 선택,0,1,0,남원서진여고
현대사회와 윤리,일반 선택,0,1,0,남원서진여고
경제,진로 선택,0,1,0,남원서진여고
윤리와 사상,진로 선택,0,1,0,남원서진여고
물리학,일반 선택,0,1,0,남원서진여고
화학,일반 선택,0,1,0,남원서진여고
생명과학,일반 선택,0,1,0,남원서진여고
지구과학,일반 선택,0,1,0,남원서진여고
세계시민과 지리,일반 선택,0,1,0,남원서진여고
세계사,일반 선택,0,1,0,남원서진여고
사회와 문화,일반 선택,0,1,0,남원서진여고
현대사회와 윤리,일반 선택,0,1,0,남원서진여고
경제,진로 선택,0,1,0,남원서진여고
윤리와 사상,진로 선택,0,1,0,남원서진여고
물리학,일반 선택,0,1,0,남원서진여고
역학과 에너지,진로 선택,0,1,0,남원서진여고
물질과 에너지,진로 선택,0,1,0,남원서진여고
세포와 물질대사,진로 선택,0,1,0,남원서진여고
지구시스템과학,진로 선택,0,1,0,남원서진여고
중국어,일반 선택,0,0,1,남원서진여고
일본어,일반 선택,0,0,1,남원서진여고
화법과 언어,일반 선택,0,0,1,남원서진여고
주제 탐구 독서,진로 선택,0,0,1,남원서진여고
문학과 영상,진로 선택,0,0,1,남원서진여고
독서 토론과 글쓰기,융합 선택,0,0,1,남원서진여고
확률과 통계,일반 선택,0,0,1,남원서진여고
기하,진로 선택,0,0,1,남원서진여고
미적분Ⅱ,진로 선택,0,0,1,남원서진여고
인공지능 수학,진로 선택,0,0,1,남원서진여고
수학과 문화,융합 선택,0,0,1,남원서진여고
실용 통계,융합 선택,0,0,1,남원서진여고
수학과제 탐구,융합 선택,0,0,1,남원서진여고
영어 독해와 작문,일반 선택,0,0,1,남원서진여고
영어 발표와 토론,진로 선택,0,0,1,남원서진여고
심화 영어,진로 선택,0,0,1,남원서진여고
미디어 영어,융합 선택,0,0,1,남원서진여고
세계 문화와 영어,융합 선택,0,0,1,남원서진여고
한국지리 탐구,진로 선택,0,0,1,남원서진여고
인문학과 윤리,진로 선택,0,0,1,남원서진여고
사회문제 탐구,융합 선택,0,0,1,남원서진여고
전자기와 양자,진로 선택,0,0,1,남원서진여고
화학 반응의 세계,진로 선택,0,0,1,남원서진여고
생물의 유전,진로 선택,0,0,1,남원서진여고
행성우주과학,진로 선택,0,0,1,남원서진여고
주제 탐구 독서,진로 선택,0,0,1,남원서진여고
문학과 영상,진로 선택,0,0,1,남원서진여고
독서 토론과 글쓰기,융합 선택,0,0,1,남원서진여고
기하,진로 선택,0,0,1,남원서진여고
미적분Ⅱ,진로 선택,0,0,1,남원서진여고
인공지능 수학,진로 선택,0,0,1,남원서진여고
수학과 문화,융합 선택,0,0,1,남원서진여고
실용 통계,융합 선택,0,0,1,남원서진여고
수학과제 탐구,융합 선택,0,0,1,남원서진여고
영어 독해와 작문,일반 선택,0,0,1,남원서진여고
영어 발표와 토론,진로 선택,0,0,1,남원서진여고
심화 영어,진로 선택,0,0,1,남원서진여고
미디어 영어,융합 선택,0,0,1,남원서진여고
세계 문화와 영어,융합 선택,0,0,1,남원서진여고
정치,진로 선택,0,0,1,남원서진여고
여행지리,융합 선택,0,0,1,남원서진여고
역사로 탐구하는 현대 세계,융합 선택,0,0,1,남원서진여고
윤리문제 탐구,융합 선택,0,0,1,남원서진여고
과학의 역사와 문화,융합 선택,0,0,1,남원서진여고
기후변화와 환경생태,융합 선택,0,0,1,남원서진여고
진로와 직업,일반 선택,0,0,1,남원서진여고
인간과 심리,진로 선택,0,0,1,남원서진여고
교육의 이해,진로 선택,0,0,1,남원서진여고
보건,진로 선택,0,0,1,남원서진여고
논술,융합 선택,0,0,1,남원서진여고
진로와 직업,일반 선택,0,0,1,남원서진여고
인간과 심리,진로 선택,0,0,1,남원서진여고
교육의 이해,진로 선택,0,0,1,남원서진여고
보건,진로 선택,0,0,1,남원서진여고
논술,융합 선택,0,0,1,남원서진여고
음악과 미디어,융합 선택,0,0,1,남원서진여고
미술과 매체,융합 선택,0,0,1,남원서진여고
중국어 회화,진로 선택,0,0,1,남원서진여고
일본어 회화,진로 선택,0,0,1,남원서진여고
공통국어1,공통 과목,1,0,0,남원여고
공통국어2,공통 과목,1,0,0,남원여고
화법과 언어,일반 선택,0,1,0,남원여고
문학,일반 선택,0,1,0,남원여고
공통수학1,공통 과목,1,0,0,남원여고
공통수학2,공통 과목,1,0,0,남원여고
대수,일반 선택,0,1,0,남원여고
미적분Ⅰ,일반 선택,0,1,0,남원여고
공통영어1,공통 과목,1,0,0,남원여고
공통영어2,공통 과목,1,0,0,남원여고
영어Ⅰ,일반 선택,0,1,0,남원여고
영어Ⅱ,일반 선택,0,1,0,남원여고
체육1,일반 선택,0,1,0,남원여고
체육2,일반 선택,0,1,0,남원여고
스포츠 문화,진로 선택,1,0,0,남원여고
스포츠 과학,진로 선택,1,0,0,남원여고
한국사1,공통 과목,1,0,0,남원여고
한국사2,공통 과목,1,0,0,남원여고
통합사회1,공통 과목,1,0,0,남원여고
통합사회2,공통 과목,1,0,0,남원여고
통합과학1,공통 과목,1,0,0,남원여고
통합과학2,공통 과목,1,0,0,남원여고
과학탐구실험1,공통 과목,1,0,0,남원여고
과학탐구실험2,공통 과목,1,0,0,남원여고
음악,일반 선택,1,0,0,남원여고
미술,일반 선택,1,0,0,남원여고
생애 설계와 자립,융합 선택,1,0,0,남원여고
진로와 직업,일반 선택,1,0,0,남원여고
음악,일반 선택,1,0,0,남원여고
미술,일반 선택,1,0,0,남원여고
생애 설계와 자립,융합 선택,1,0,0,남원여고
진로와 직업,일반 선택,1,0,0,남원여고
세계시민과 지리,일반 선택,0,1,0,남원여고
세계사,일반 선택,0,1,0,남원여고
사회와 문화,일반 선택,0,1,0,남원여고
현대사회와 윤리,일반 선택,0,1,0,남원여고
정치,진로 선택,0,1,0,남원여고
물리학,일반 선택,0,1,0,남원여고
화학,일반 선택,0,1,0,남원여고
생명과학,일반 선택,0,1,0,남원여고
지구과학,일반 선택,0,1,0,남원여고
한국지리 탐구,진로 선택,0,1,0,남원여고
동아시아 역사 기행,진로 선택,0,1,0,남원여고
법과 사회,진로 선택,0,1,0,남원여고
경제,진로 선택,0,1,0,남원여고
윤리와 사상,진로 선택,0,1,0,남원여고
역학과 에너지,진로 선택,0,1,0,남원여고
물질과 에너지,진로 선택,0,1,0,남원여고
세포와 물질대사,진로 선택,0,1,0,남원여고
지구시스템과학,진로 선택,0,1,0,남원여고
과학의 역사와 문화,융합 선택,0,1,0,남원여고
음악 연주와 창작,진로 선택,0,1,0,남원여고
미술 창작,진로 선택,0,1,0,남원여고
기술·가정,일반 선택,0,1,0,남원여고
정보,일반 선택,0,1,0,남원여고
중국어,일반 선택,0,1,0,남원여고
일본어,일반 선택,0,1,0,남원여고
음악 연주와 창작,진로 선택,0,1,0,남원여고
미술 창작,진로 선택,0,1,0,남원여고
기술·가정,일반 선택,0,1,0,남원여고
정보,일반 선택,0,1,0,남원여고
중국어,일반 선택,0,1,0,남원여고
일본어,일반 선택,0,1,0,남원여고
독서와 작문,일반 선택,0,0,1,남원여고
기하,진로 선택,0,0,1,남원여고
미적분Ⅱ,진로 선택,0,0,1,남원여고
경제 수학,진로 선택,0,0,1,남원여고
영미 문학 읽기,진로 선택,0,0,1,남원여고
영어 발표와 토론,진로 선택,0,0,1,남원여고
심화 영어,진로 선택,0,0,1,남원여고
심화 영어 독해와 작문,진로 선택,0,0,1,남원여고
스포츠 생활1,융합 선택,0,0,1,남원여고
문학과 영상,진로 선택,0,0,1,남원여고
수학과 문화,융합 선택,0,0,1,남원여고
실용 통계,융합 선택,0,0,1,남원여고
수학과제 탐구,융합 선택,0,0,1,남원여고
실생활 영어 회화,융합 선택,0,0,1,남원여고
미디어 영어,융합 선택,0,0,1,남원여고
세계 문화와 영어,융합 선택,0,0,1,남원여고
스포츠 생활2,융합 선택,0,0,1,남원여고
확률과 통계,일반 선택,0,0,1,남원여고
도시의 미래 탐구,진로 선택,0,0,1,남원여고
역사로 탐구하는 현대 세계,융합 선택,0,0,1,남원여고
사회문제 탐구,융합 선택,0,0,1,남원여고
윤리문제 탐구,융합 선택,0,0,1,남원여고
전자기와 양자,진로 선택,0,0,1,남원여고
화학 반응의 세계,진로 선택,0,0,1,남원여고
생물의 유전,진로 선택,0,0,1,남원여고
행성우주과학,진로 선택,0,0,1,남원여고
인문학과 윤리,진로 선택,0,0,1,남원여고
여행지리,융합 선택,0,0,1,남원여고
금융과 경제생활,융합 선택,0,0,1,남원여고
기후변화와 지속가능한 세계,융합 선택,0,0,1,남원여고
과학의 역사와 문화,융합 선택,0,0,1,남원여고
기후변화와 환경생태,융합 선택,0,0,1,남원여고
융합과학 탐구,융합 선택,0,0,1,남원여고
창의 공학 설계,융합 선택,0,0,1,남원여고
인공지능 기초,진로 선택,0,0,1,남원여고
중국어 회화,진로 선택,0,0,1,남원여고
일본어 회화,진로 선택,0,0,1,남원여고
창의 공학 설계,융합 선택,0,0,1,남원여고
인공지능 기초,진로 선택,0,0,1,남원여고
중국어 회화,진로 선택,0,0,1,남원여고
일본어 회화,진로 선택,0,0,1,남원여고
공통국어1,공통 과목,1,0,0,덕암고
공통국어2,공통 과목,1,0,0,덕암고
공통수학1,공통 과목,1,0,0,덕암고
공통수학2,공통 과목,1,0,0,덕암고
공통영어1,공통 과목,1,0,0,덕암고
공통영어2,공통 과목,1,0,0,덕암고
체육1,일반 선택,1,0,0,덕암고
체육2,일반 선택,1,0,0,덕암고
스포츠 문화,진로 선택,0,1,0,덕암고
스포츠 과학,진로 선택,0,1,0,덕암고
스포츠 생활1,융합 선택,0,0,1,덕암고
스포츠 생활2,융합 선택,0,0,1,덕암고
음악,일반 선택,1,0,0,덕암고
미술,일반 선택,1,0,0,덕암고
미술 감상과 비평,진로 선택,0,0,1,덕암고
기술·가정,일반 선택,1,0,0,덕암고
정보,일반 선택,1,0,0,덕암고
한국사1,공통 과목,1,0,0,덕암고
한국사2,공통 과목,1,0,0,덕암고
통합사회1,공통 과목,1,0,0,덕암고
통합사회2,공통 과목,1,0,0,덕암고
진로와 직업,일반 선택,0,0,1,덕암고
생태와 환경,일반 선택,0,0,1,덕암고
보건,진로 선택,0,0,1,덕암고
논술,융합 선택,0,0,1,덕암고
통합과학1,공통 과목,1,0,0,덕암고
통합과학2,공통 과목,1,0,0,덕암고
과학탐구실험1,공통 과목,1,0,0,덕암고
과학탐구실험2,공통 과목,1,0,0,덕암고
영화 감상과 비평,진로 선택,0,0,1,덕암고
중국어,일반 선택,0,1,0,덕암고
일본어,일반 선택,0,1,0,덕암고
독서와 작문,일반 선택,0,1,0,덕암고
대수,일반 선택,0,1,0,덕암고
기하,진로 선택,0,1,0,덕암고
수학과제 탐구,융합 선택,0,1,0,덕암고
영어Ⅰ,일반 선택,0,1,0,덕암고
세계시민과 지리,일반 선택,0,1,0,덕암고
세계사,일반 선택,0,1,0,덕암고
사회와 문화,일반 선택,0,1,0,덕암고
현대사회와 윤리,일반 선택,0,1,0,덕암고
물리학,일반 선택,0,1,0,덕암고
화학,일반 선택,0,1,0,덕암고
생명과학,일반 선택,0,1,0,덕암고
지구과학,일반 선택,0,1,0,덕암고
주제 탐구 독서,진로 선택,0,1,0,덕암고
영어 발표와 토론,진로 선택,0,1,0,덕암고
문학,일반 선택,0,1,0,덕암고
미적분Ⅰ,일반 선택,0,1,0,덕암고
확률과 통계,일반 선택,0,1,0,덕암고
영어Ⅱ,일반 선택,0,1,0,덕암고
한국지리 탐구,진로 선택,0,1,0,덕암고
동아시아 역사 기행,진로 선택,0,1,0,덕암고
정치,진로 선택,0,1,0,덕암고
법과 사회,진로 선택,0,1,0,덕암고
윤리와 사상,진로 선택,0,1,0,덕암고
물리학,일반 선택,0,1,0,덕암고
화학,일반 선택,0,1,0,덕암고
생명과학,일반 선택,0,1,0,덕암고
지구과학,일반 선택,0,1,0,덕암고
화법과 언어,일반 선택,0,0,1,덕암고
미적분Ⅱ,진로 선택,0,0,1,덕암고
경제 수학,진로 선택,0,0,1,덕암고
영어 독해와 작문,일반 선택,0,0,1,덕암고
음악 연주와 창작,진로 선택,0,0,1,덕암고
미술 창작,진로 선택,0,0,1,덕암고
도시의 미래 탐구,진로 선택,0,0,1,덕암고
인문학과 윤리,진로 선택,0,0,1,덕암고
국제 관계의 이해,진로 선택,0,0,1,덕암고
여행지리,융합 선택,0,0,1,덕암고
역사로 탐구하는 현대 세계,융합 선택,0,0,1,덕암고
역학과 에너지,진로 선택,0,0,1,덕암고
물질과 에너지,진로 선택,0,0,1,덕암고
세포와 물질대사,진로 선택,0,0,1,덕암고
지구시스템과학,진로 선택,0,0,1,덕암고
문학과 영상,진로 선택,0,0,1,덕암고
수학과 문화,융합 선택,0,0,1,덕암고
세계 문화와 영어,융합 선택,0,0,1,덕암고
사회문제 탐구,융합 선택,0,0,1,덕암고
금융과 경제생활,융합 선택,0,0,1,덕암고
윤리문제 탐구,융합 선택,0,0,1,덕암고
기후변화와 지속가능한 세계,융합 선택,0,0,1,덕암고
전자기와 양자,진로 선택,0,0,1,덕암고
화학 반응의 세계,진로 선택,0,0,1,덕암고
생물의 유전,진로 선택,0,0,1,덕암고
행성우주과학,진로 선택,0,0,1,덕암고
과학의 역사와 문화,융합 선택,0,0,1,덕암고
기후변화와 환경생태,융합 선택,0,0,1,덕암고
융합과학 탐구,융합 선택,0,0,1,덕암고
전문 수학,진로 선택,0,0,1,덕암고
공통국어1,공통 과목,1,0,0,동국사대부금산고
공통국어2,공통 과목,1,0,0,동국사대부금산고
공통수학1,공통 과목,1,0,0,동국사대부금산고
공통수학2,공통 과목,1,0,0,동국사대부금산고
공통영어1,공통 과목,1,0,0,동국사대부금산고
공통영어2,공통 과목,1,0,0,동국사대부금산고
체육1,일반 선택,1,0,0,동국사대부금산고
체육2,일반 선택,1,0,0,동국사대부금산고
운동과 건강,진로 선택,0,1,0,동국사대부금산고
스포츠 문화,진로 선택,0,0,1,동국사대부금산고
스포츠 과학,진로 선택,0,0,1,동국사대부금산고
스포츠 생활1,융합 선택,0,1,0,동국사대부금산고
음악,일반 선택,1,0,0,동국사대부금산고
미술,일반 선택,1,0,0,동국사대부금산고
음악 감상과 비평,진로 선택,0,1,0,동국사대부금산고
미술 감상과 비평,진로 선택,0,1,0,동국사대부금산고
한국사1,공통 과목,1,0,0,동국사대부금산고
한국사2,공통 과목,1,0,0,동국사대부금산고
통합사회1,공통 과목,1,0,0,동국사대부금산고
통합사회2,공통 과목,1,0,0,동국사대부금산고
통합과학1,공통 과목,1,0,0,동국사대부금산고
통합과학2,공통 과목,1,0,0,동국사대부금산고
과학탐구실험1,공통 과목,1,0,0,동국사대부금산고
과학탐구실험2,공통 과목,1,0,0,동국사대부금산고
문학,일반 선택,0,1,0,동국사대부금산고
문학과 영상,진로 선택,0,1,0,동국사대부금산고
미적분Ⅰ,일반 선택,0,1,0,동국사대부금산고
경제 수학,진로 선택,0,1,0,동국사대부금산고
영어Ⅰ,일반 선택,0,1,0,동국사대부금산고
영어 독해와 작문,일반 선택,0,1,0,동국사대부금산고
기하,진로 선택,0,1,0,동국사대부금산고
실생활 영어 회화,융합 선택,0,1,0,동국사대부금산고
세계시민과 지리,일반 선택,0,1,0,동국사대부금산고
세계사,일반 선택,0,1,0,동국사대부금산고
사회와 문화,일반 선택,0,1,0,동국사대부금산고
경제,진로 선택,0,1,0,동국사대부금산고
인문학과 윤리,진로 선택,0,1,0,동국사대부금산고
물리학,일반 선택,0,1,0,동국사대부금산고
화학,일반 선택,0,1,0,동국사대부금산고
생명과학,일반 선택,0,1,0,동국사대부금산고
지구과학,일반 선택,0,1,0,동국사대부금산고
화법과 언어,일반 선택,0,1,0,동국사대부금산고
독서 토론과 글쓰기,융합 선택,0,1,0,동국사대부금산고
대수,일반 선택,0,1,0,동국사대부금산고
인공지능 수학,진로 선택,0,1,0,동국사대부금산고
영어Ⅱ,일반 선택,0,1,0,동국사대부금산고
영미 문학 읽기,진로 선택,0,1,0,동국사대부금산고
미적분Ⅱ,진로 선택,0,1,0,동국사대부금산고
세계 문화와 영어,융합 선택,0,1,0,동국사대부금산고
현대사회와 윤리,일반 선택,0,1,0,동국사대부금산고
한국지리 탐구,진로 선택,0,1,0,동국사대부금산고
동아시아 역사 기행,진로 선택,0,1,0,동국사대부금산고
정치,진로 선택,0,1,0,동국사대부금산고
역학과 에너지,진로 선택,0,1,0,동국사대부금산고
물질과 에너지,진로 선택,0,1,0,동국사대부금산고
세포와 물질대사,진로 선택,0,1,0,동국사대부금산고
지구시스템과학,진로 선택,0,1,0,동국사대부금산고
일본어,일반 선택,0,0,1,동국사대부금산고
생태와 환경,일반 선택,0,0,1,동국사대부금산고
논리와 사고,진로 선택,0,0,1,동국사대부금산고
삶과 종교,진로 선택,0,0,1,동국사대부금산고
보건,진로 선택,0,0,1,동국사대부금산고
인간과 경제활동,융합 선택,0,0,1,동국사대부금산고
독서와 작문,일반 선택,0,0,1,동국사대부금산고
매체 의사소통,융합 선택,0,0,1,동국사대부금산고
확률과 통계,일반 선택,0,0,1,동국사대부금산고
실용 통계,융합 선택,0,0,1,동국사대부금산고
심화 영어,진로 선택,0,0,1,동국사대부금산고
심화 영어 독해와 작문,진로 선택,0,0,1,동국사대부금산고
윤리와 사상,진로 선택,0,0,1,동국사대부금산고
인문학과 윤리,진로 선택,0,0,1,동국사대부금산고
여행지리,융합 선택,0,0,1,동국사대부금산고
전자기와 양자,진로 선택,0,0,1,동국사대부금산고
화학 반응의 세계,진로 선택,0,0,1,동국사대부금산고
생물의 유전,진로 선택,0,0,1,동국사대부금산고
행성우주과학,진로 선택,0,0,1,동국사대부금산고
일본어 회화,진로 선택,0,0,1,동국사대부금산고
진로와 직업,일반 선택,0,0,1,동국사대부금산고
인간과 철학,진로 선택,0,0,1,동국사대부금산고
인간과 심리,진로 선택,0,0,1,동국사대부금산고
교육의 이해,진로 선택,0,0,1,동국사대부금산고
주제 탐구 독서,진로 선택,0,0,1,동국사대부금산고
언어생활 탐구,융합 선택,0,0,1,동국사대부금산고
수학과 문화,융합 선택,0,0,1,동국사대부금산고
수학과제 탐구,융합 선택,0,0,1,동국사대부금산고
영어 발표와 토론,진로 선택,0,0,1,동국사대부금산고
미디어 영어,융합 선택,0,0,1,동국사대부금산고
국제 관계의 이해,진로 선택,0,0,1,동국사대부금산고
사회문제 탐구,융합 선택,0,0,1,동국사대부금산고
금융과 경제생활,융합 선택,0,0,1,동국사대부금산고
윤리문제 탐구,융합 선택,0,0,1,동국사대부금산고
과학의 역사와 문화,융합 선택,0,0,1,동국사대부금산고
기후변화와 환경생태,융합 선택,0,0,1,동국사대부금산고
융합과학 탐구,융합 선택,0,0,1,동국사대부금산고
공통국어1,공통 과목,1,0,0,배영고
공통국어2,공통 과목,1,0,0,배영고
화법과 언어,일반 선택,0,1,0,배영고
독서와 작문,일반 선택,0,0,1,배영고
문학,일반 선택,0,1,0,배영고
문학과 영상,진로 선택,0,0,1,배영고
공통수학1,공통 과목,1,0,0,배영고
공통수학2,공통 과목,1,0,0,배영고
대수,일반 선택,0,1,0,배영고
미적분Ⅰ,일반 선택,0,1,0,배영고
확률과 통계,일반 선택,0,0,1,배영고
인공지능 수학,진로 선택,0,0,1,배영고
공통영어1,공통 과목,1,0,0,배영고
공통영어2,공통 과목,1,0,0,배영고
영어Ⅰ,일반 선택,0,1,0,배영고
영어Ⅱ,일반 선택,0,1,0,배영고
심화 영어,진로 선택,0,0,1,배영고
체육1,일반 선택,1,0,0,배영고
체육2,일반 선택,1,0,0,배영고
운동과 건강,진로 선택,0,1,0,배영고
스포츠 문화,진로 선택,0,1,0,배영고
스포츠 생활1,융합 선택,0,0,1,배영고
스포츠 생활2,융합 선택,0,0,1,배영고
음악,일반 선택,1,0,0,배영고
미술,일반 선택,1,0,0,배영고
음악 감상과 비평,진로 선택,0,1,0,배영고
미술과 매체,융합 선택,0,1,0,배영고
중국어,일반 선택,1,0,0,배영고
중국어 회화,진로 선택,1,0,0,배영고
한국사1,공통 과목,1,0,0,배영고
한국사2,공통 과목,1,0,0,배영고
통합사회1,공통 과목,1,0,0,배영고
통합사회2,공통 과목,1,0,0,배영고
인간과 경제활동,융합 선택,0,0,1,배영고
통합과학1,공통 과목,1,0,0,배영고
통합과학2,공통 과목,1,0,0,배영고
과학탐구실험1,공통 과목,1,0,0,배영고
과학탐구실험2,공통 과목,1,0,0,배영고
주제 탐구 독서,진로 선택,0,0,1,배영고
독서 토론과 글쓰기,융합 선택,0,0,1,배영고
미적분Ⅱ,진로 선택,0,0,1,배영고
실용 통계,융합 선택,0,0,1,배영고
매체 의사소통,융합 선택,0,0,1,배영고
언어생활 탐구,융합 선택,0,0,1,배영고
기하,진로 선택,0,0,1,배영고
경제 수학,진로 선택,0,0,1,배영고
영어 독해와 작문,일반 선택,0,0,1,배영고
미디어 영어,융합 선택,0,0,1,배영고
세계 문화와 영어,융합 선택,0,0,1,배영고
사회와 문화,일반 선택,0,1,0,배영고
현대사회와 윤리,일반 선택,0,1,0,배영고
물리학,일반 선택,0,1,0,배영고
화학,일반 선택,0,1,0,배영고
생명과학,일반 선택,0,1,0,배영고
융합과학 탐구,융합 선택,0,1,0,배영고
경제,진로 선택,0,1,0,배영고
사회문제 탐구,융합 선택,0,1,0,배영고
역학과 에너지,진로 선택,0,1,0,배영고
화학 반응의 세계,진로 선택,0,1,0,배영고
생물의 유전,진로 선택,0,1,0,배영고
과학의 역사와 문화,융합 선택,0,1,0,배영고
인문학과 윤리,진로 선택,0,0,1,배영고
금융과 경제생활,융합 선택,0,0,1,배영고
세포와 물질대사,진로 선택,0,0,1,배영고
과학의 역사와 문화,융합 선택,0,0,1,배영고
윤리문제 탐구,융합 선택,0,0,1,배영고
기후변화와 지속가능한 세계,융합 선택,0,0,1,배영고
기후변화와 환경생태,융합 선택,0,0,1,배영고
융합과학 탐구,융합 선택,0,0,1,배영고
생태와 환경,일반 선택,0,0,1,배영고
인간과 철학,진로 선택,0,0,1,배영고
논리와 사고,진로 선택,0,0,1,배영고
인간과 심리,진로 선택,0,0,1,배영고
진로와 직업,일반 선택,0,0,1,배영고
교육의 이해,진로 선택,0,0,1,배영고
삶과 종교,진로 선택,0,0,1,배영고
공통국어1,공통 과목,1,0,0,서영여고
공통국어2,공통 과목,1,0,0,서영여고
화법과 언어,일반 선택,0,1,0,서영여고
문학,일반 선택,0,1,0,서영여고
공통수학1,공통 과목,1,0,0,서영여고
공통수학2,공통 과목,1,0,0,서영여고
대수,일반 선택,0,1,0,서영여고
미적분Ⅰ,일반 선택,0,1,0,서영여고
공통영어1,공통 과목,1,0,0,서영여고
공통영어2,공통 과목,1,0,0,서영여고
영어Ⅰ,일반 선택,0,1,0,서영여고
영어Ⅱ,일반 선택,0,1,0,서영여고
체육1,일반 선택,1,0,0,서영여고
체육2,일반 선택,1,0,0,서영여고
스포츠 문화,진로 선택,0,1,0,서영여고
스포츠 과학,진로 선택,0,1,0,서영여고
스포츠 생활1,융합 선택,0,0,1,서영여고
스포츠 생활2,융합 선택,0,0,1,서영여고
한국사1,공통 과목,1,0,0,서영여고
한국사2,공통 과목,1,0,0,서영여고
통합사회1,공통 과목,1,0,0,서영여고
통합사회2,공통 과목,1,0,0,서영여고
통합과학1,공통 과목,1,0,0,서영여고
통합과학2,공통 과목,1,0,0,서영여고
과학탐구실험1,공통 과목,1,0,0,서영여고
과학탐구실험2,공통 과목,1,0,0,서영여고
음악,일반 선택,1,0,0,서영여고
미술,일반 선택,1,0,0,서영여고
음악,일반 선택,1,0,0,서영여고
미술,일반 선택,1,0,0,서영여고
세계시민과 지리,일반 선택,0,1,0,서영여고
세계사,일반 선택,0,1,0,서영여고
사회와 문화,일반 선택,0,1,0,서영여고
현대사회와 윤리,일반 선택,0,1,0,서영여고
물리학,일반 선택,0,1,0,서영여고
화학,일반 선택,0,1,0,서영여고
생명과학,일반 선택,0,1,0,서영여고
지구과학,일반 선택,0,1,0,서영여고
한국지리 탐구,진로 선택,0,1,0,서영여고
동아시아 역사 기행,진로 선택,0,1,0,서영여고
정치,진로 선택,0,1,0,서영여고
윤리와 사상,진로 선택,0,1,0,서영여고
물리학,일반 선택,0,1,0,서영여고
화학,일반 선택,0,1,0,서영여고
생명과학,일반 선택,0,1,0,서영여고
지구과학,일반 선택,0,1,0,서영여고
역학과 에너지,진로 선택,0,1,0,서영여고
물질과 에너지,진로 선택,0,1,0,서영여고
세포와 물질대사,진로 선택,0,1,0,서영여고
지구시스템과학,진로 선택,0,1,0,서영여고
확률과 통계,일반 선택,0,1,0,서영여고
인공지능 수학,진로 선택,0,1,0,서영여고
직무 수학,진로 선택,0,1,0,서영여고
정보,일반 선택,0,1,0,서영여고
중국어,일반 선택,0,1,0,서영여고
일본어,일반 선택,0,1,0,서영여고
한문,일반 선택,0,1,0,서영여고
기하,진로 선택,0,1,0,서영여고
경제 수학,진로 선택,0,1,0,서영여고
인공지능 기초,진로 선택,0,1,0,서영여고
소프트웨어와 생활,융합 선택,0,1,0,서영여고
중국어 회화,진로 선택,0,1,0,서영여고
일본어 회화,진로 선택,0,1,0,서영여고
한문 고전 읽기,진로 선택,0,1,0,서영여고
언어생활과 한자,융합 선택,0,1,0,서영여고
중국 문화,융합 선택,0,1,0,서영여고
일본 문화,융합 선택,0,1,0,서영여고
독서와 작문,일반 선택,0,0,1,서영여고
주제 탐구 독서,진로 선택,0,0,1,서영여고
직무 의사소통,진로 선택,0,0,1,서영여고
미적분Ⅱ,진로 선택,0,0,1,서영여고
수학과제 탐구,융합 선택,0,0,1,서영여고
영어 독해와 작문,일반 선택,0,0,1,서영여고
영미 문학 읽기,진로 선택,0,0,1,서영여고
영어 발표와 토론,진로 선택,0,0,1,서영여고
심화 영어,진로 선택,0,0,1,서영여고
도시의 미래 탐구,진로 선택,0,0,1,서영여고
법과 사회,진로 선택,0,0,1,서영여고
경제,진로 선택,0,0,1,서영여고
인문학과 윤리,진로 선택,0,0,1,서영여고
국제 관계의 이해,진로 선택,0,0,1,서영여고
역학과 에너지,진로 선택,0,0,1,서영여고
전자기와 양자,진로 선택,0,0,1,서영여고
물질과 에너지,진로 선택,0,0,1,서영여고
화학 반응의 세계,진로 선택,0,0,1,서영여고
세포와 물질대사,진로 선택,0,0,1,서영여고
생물의 유전,진로 선택,0,0,1,서영여고
지구시스템과학,진로 선택,0,0,1,서영여고
행성우주과학,진로 선택,0,0,1,서영여고
문학과 영상,진로 선택,0,0,1,서영여고
독서 토론과 글쓰기,융합 선택,0,0,1,서영여고
매체 의사소통,융합 선택,0,0,1,서영여고
언어생활 탐구,융합 선택,0,0,1,서영여고
수학과 문화,융합 선택,0,0,1,서영여고
실용 통계,융합 선택,0,0,1,서영여고
심화 영어 독해와 작문,진로 선택,0,0,1,서영여고
직무 영어,진로 선택,0,0,1,서영여고
실생활 영어 회화,융합 선택,0,0,1,서영여고
미디어 영어,융합 선택,0,0,1,서영여고
세계 문화와 영어,융합 선택,0,0,1,서영여고
음악 연주와 창작,진로 선택,0,0,1,서영여고
음악 감상과 비평,진로 선택,0,0,1,서영여고
미술 창작,진로 선택,0,0,1,서영여고
미술 감상과 비평,진로 선택,0,0,1,서영여고
음악과 미디어,융합 선택,0,0,1,서영여고
미술과 매체,융합 선택,0,0,1,서영여고
진로와 직업,일반 선택,0,0,1,서영여고
생태와 환경,일반 선택,0,0,1,서영여고
인간과 철학,진로 선택,0,0,1,서영여고
논리와 사고,진로 선택,0,0,1,서영여고
인간과 심리,진로 선택,0,0,1,서영여고
교육의 이해,진로 선택,0,0,1,서영여고
삶과 종교,진로 선택,0,0,1,서영여고
보건,진로 선택,0,0,1,서영여고
인간과 경제활동,융합 선택,0,0,1,서영여고
논술,융합 선택,0,0,1,서영여고
음악 연주와 창작,진로 선택,0,0,1,서영여고
음악 감상과 비평,진로 선택,0,0,1,서영여고
미술 창작,진로 선택,0,0,1,서영여고
미술 감상과 비평,진로 선택,0,0,1,서영여고
음악과 미디어,융합 선택,0,0,1,서영여고
미술과 매체,융합 선택,0,0,1,서영여고
진로와 직업,일반 선택,0,0,1,서영여고
생태와 환경,일반 선택,0,0,1,서영여고
인간과 철학,진로 선택,0,0,1,서영여고
논리와 사고,진로 선택,0,0,1,서영여고
인간과 심리,진로 선택,0,0,1,서영여고
교육의 이해,진로 선택,0,0,1,서영여고
삶과 종교,진로 선택,0,0,1,서영여고
보건,진로 선택,0,0,1,서영여고
인간과 경제활동,융합 선택,0,0,1,서영여고
논술,융합 선택,0,0,1,서영여고
여행지리,융합 선택,0,0,1,서영여고
역사로 탐구하는 현대 세계,융합 선택,0,0,1,서영여고
사회문제 탐구,융합 선택,0,0,1,서영여고
금융과 경제생활,융합 선택,0,0,1,서영여고
윤리문제 탐구,융합 선택,0,0,1,서영여고
기후변화와 지속가능한 세계,융합 선택,0,0,1,서영여고
과학의 역사와 문화,융합 선택,0,0,1,서영여고
기후변화와 환경생태,융합 선택,0,0,1,서영여고
융합과학 탐구,융합 선택,0,0,1,서영여고
공통국어1,공통 과목,1,0,0,성원고
공통국어2,공통 과목,1,0,0,성원고
공통수학1,공통 과목,1,0,0,성원고
공통수학2,공통 과목,1,0,0,성원고
공통영어1,공통 과목,1,0,0,성원고
공통영어2,공통 과목,1,0,0,성원고
체육1,일반 선택,1,0,0,성원고
체육2,일반 선택,1,0,0,성원고
운동과 건강,진로 선택,0,0,1,성원고
스포츠 문화,진로 선택,0,0,1,성원고
스포츠 생활1,융합 선택,0,1,0,성원고
스포츠 생활2,융합 선택,0,1,0,성원고
한국사1,공통 과목,1,0,0,성원고
한국사2,공통 과목,1,0,0,성원고
통합사회1,공통 과목,1,0,0,성원고
통합사회2,공통 과목,1,0,0,성원고
통합과학1,공통 과목,1,0,0,성원고
통합과학2,공통 과목,1,0,0,성원고
과학탐구실험1,공통 과목,1,0,0,성원고
과학탐구실험2,공통 과목,1,0,0,성원고
음악,일반 선택,1,0,0,성원고
미술,일반 선택,1,0,0,성원고
정보,일반 선택,1,0,0,성원고
인공지능 기초,진로 선택,1,0,0,성원고
중국어,일반 선택,1,0,0,성원고
일본어,일반 선택,1,0,0,성원고
음악,일반 선택,1,0,0,성원고
미술,일반 선택,1,0,0,성원고
정보,일반 선택,1,0,0,성원고
인공지능 기초,진로 선택,1,0,0,성원고
중국어,일반 선택,1,0,0,성원고
일본어,일반 선택,1,0,0,성원고
화법과 언어,일반 선택,0,1,0,성원고
문학,일반 선택,0,1,0,성원고
대수,일반 선택,0,1,0,성원고
영어Ⅰ,일반 선택,0,1,0,성원고
중국 문화,융합 선택,0,1,0,성원고
일본 문화,융합 선택,0,1,0,성원고
음악 감상과 비평,진로 선택,0,1,0,성원고
미술 창작,진로 선택,0,1,0,성원고
화법과 언어,일반 선택,0,1,0,성원고
문학,일반 선택,0,1,0,성원고
미적분Ⅰ,일반 선택,0,1,0,성원고
확률과 통계,일반 선택,0,1,0,성원고
영어Ⅱ,일반 선택,0,1,0,성원고
중국 문화,융합 선택,0,1,0,성원고
일본 문화,융합 선택,0,1,0,성원고
음악 감상과 비평,진로 선택,0,1,0,성원고
미술 창작,진로 선택,0,1,0,성원고
세계시민과 지리,일반 선택,0,1,0,성원고
세계사,일반 선택,0,1,0,성원고
사회와 문화,일반 선택,0,1,0,성원고
현대사회와 윤리,일반 선택,0,1,0,성원고
경제,진로 선택,0,1,0,성원고
물리학,일반 선택,0,1,0,성원고
화학,일반 선택,0,1,0,성원고
생명과학,일반 선택,0,1,0,성원고
지구과학,일반 선택,0,1,0,성원고
세계시민과 지리,일반 선택,0,1,0,성원고
세계사,일반 선택,0,1,0,성원고
사회와 문화,일반 선택,0,1,0,성원고
현대사회와 윤리,일반 선택,0,1,0,성원고
경제,진로 선택,0,1,0,성원고
물리학,일반 선택,0,1,0,성원고
화학,일반 선택,0,1,0,성원고
생명과학,일반 선택,0,1,0,성원고
지구과학,일반 선택,0,1,0,성원고
독서와 작문,일반 선택,0,0,1,성원고
주제 탐구 독서,진로 선택,0,0,1,성원고
매체 의사소통,융합 선택,0,0,1,성원고
확률과 통계,일반 선택,0,0,1,성원고
기하,진로 선택,0,0,1,성원고
미적분Ⅱ,진로 선택,0,0,1,성원고
경제 수학,진로 선택,0,0,1,성원고
수학과 문화,융합 선택,0,0,1,성원고
수학과제 탐구,융합 선택,0,0,1,성원고
영어 독해와 작문,일반 선택,0,0,1,성원고
영어 발표와 토론,진로 선택,0,0,1,성원고
심화 영어,진로 선택,0,0,1,성원고
독서와 작문,일반 선택,0,0,1,성원고
주제 탐구 독서,진로 선택,0,0,1,성원고
매체 의사소통,융합 선택,0,0,1,성원고
기하,진로 선택,0,0,1,성원고
미적분Ⅱ,진로 선택,0,0,1,성원고
경제 수학,진로 선택,0,0,1,성원고
수학과 문화,융합 선택,0,0,1,성원고
수학과제 탐구,융합 선택,0,0,1,성원고
영어 독해와 작문,일반 선택,0,0,1,성원고
영어 발표와 토론,진로 선택,0,0,1,성원고
심화 영어,진로 선택,0,0,1,성원고
정치,진로 선택,0,0,1,성원고
법과 사회,진로 선택,0,0,1,성원고
윤리와 사상,진로 선택,0,0,1,성원고
여행지리,융합 선택,0,0,1,성원고
사회문제 탐구,융합 선택,0,0,1,성원고
역학과 에너지,진로 선택,0,0,1,성원고
전자기와 양자,진로 선택,0,0,1,성원고
물질과 에너지,진로 선택,0,0,1,성원고
화학 반응의 세계,진로 선택,0,0,1,성원고
세포와 물질대사,진로 선택,0,0,1,성원고
생물의 유전,진로 선택,0,0,1,성원고
지구시스템과학,진로 선택,0,0,1,성원고
행성우주과학,진로 선택,0,0,1,성원고
소프트웨어와 생활,융합 선택,0,0,1,성원고
정치,진로 선택,0,0,1,성원고
법과 사회,진로 선택,0,0,1,성원고
윤리와 사상,진로 선택,0,0,1,성원고
여행지리,융합 선택,0,0,1,성원고
사회문제 탐구,융합 선택,0,0,1,성원고
역학과 에너지,진로 선택,0,0,1,성원고
전자기와 양자,진로 선택,0,0,1,성원고
물질과 에너지,진로 선택,0,0,1,성원고
화학 반응의 세계,진로 선택,0,0,1,성원고
세포와 물질대사,진로 선택,0,0,1,성원고
생물의 유전,진로 선택,0,0,1,성원고
지구시스템과학,진로 선택,0,0,1,성원고
행성우주과학,진로 선택,0,0,1,성원고
진로와 직업,일반 선택,0,0,1,성원고
생태와 환경,일반 선택,0,0,1,성원고
인간과 심리,진로 선택,0,0,1,성원고
교육의 이해,진로 선택,0,0,1,성원고
보건,진로 선택,0,0,1,성원고
진로와 직업,일반 선택,0,0,1,성원고
생태와 환경,일반 선택,0,0,1,성원고
인간과 심리,진로 선택,0,0,1,성원고
교육의 이해,진로 선택,0,0,1,성원고
보건,진로 선택,0,0,1,성원고
공통국어1,공통 과목,1,0,0,신태인고
공통국어2,공통 과목,1,0,0,신태인고
화법과 언어,일반 선택,0,1,0,신태인고
독서와 작문,일반 선택,0,0,1,신태인고
문학,일반 선택,0,1,0,신태인고
주제 탐구 독서,진로 선택,0,0,1,신태인고
공통수학1,공통 과목,1,0,0,신태인고
공통수학2,공통 과목,1,0,0,신태인고
대수,일반 선택,0,1,0,신태인고
미적분Ⅰ,일반 선택,0,1,0,신태인고
확률과 통계,일반 선택,0,0,1,신태인고
기하,진로 선택,0,0,1,신태인고
공통영어1,공통 과목,1,0,0,신태인고
공통영어2,공통 과목,1,0,0,신태인고
영어Ⅰ,일반 선택,0,1,0,신태인고
영어Ⅱ,일반 선택,0,1,0,신태인고
영어 독해와 작문,일반 선택,0,0,1,신태인고
영어 발표와 토론,진로 선택,0,0,1,신태인고
체육1,일반 선택,1,0,0,신태인고
체육2,일반 선택,1,0,0,신태인고
운동과 건강,진로 선택,0,1,0,신태인고
스포츠 문화,진로 선택,0,0,1,신태인고
스포츠 과학,진로 선택,0,0,1,신태인고
스포츠 생활1,융합 선택,0,1,0,신태인고
음악,일반 선택,1,0,0,신태인고
미술,일반 선택,1,0,0,신태인고
음악 감상과 비평,진로 선택,0,0,1,신태인고
음악과 미디어,융합 선택,0,0,1,신태인고
한국사1,공통 과목,1,0,0,신태인고
한국사2,공통 과목,1,0,0,신태인고
통합사회1,공통 과목,1,0,0,신태인고
통합사회2,공통 과목,1,0,0,신태인고
통합과학1,공통 과목,1,0,0,신태인고
통합과학2,공통 과목,1,0,0,신태인고
과학탐구실험1,공통 과목,1,0,0,신태인고
과학탐구실험2,공통 과목,1,0,0,신태인고
물리학,일반 선택,0,1,0,신태인고
화학,일반 선택,0,1,0,신태인고
생명과학,일반 선택,0,1,0,신태인고
지구과학,일반 선택,0,1,0,신태인고
세계사,일반 선택,0,1,0,신태인고
사회와 문화,일반 선택,0,1,0,신태인고
동아시아 역사 기행,진로 선택,0,1,0,신태인고
정치,진로 선택,0,1,0,신태인고
법과 사회,진로 선택,0,1,0,신태인고
세계사,일반 선택,0,1,0,신태인고
사회와 문화,일반 선택,0,1,0,신태인고
동아시아 역사 기행,진로 선택,0,1,0,신태인고
정치,진로 선택,0,1,0,신태인고
법과 사회,진로 선택,0,1,0,신태인고
한문,일반 선택,0,1,0,신태인고
진로와 직업,일반 선택,0,1,0,신태인고
생태와 환경,일반 선택,0,1,0,신태인고
인간과 철학,진로 선택,0,1,0,신태인고
보건,진로 선택,0,1,0,신태인고
물리학,일반 선택,0,1,0,신태인고
화학,일반 선택,0,1,0,신태인고
생명과학,일반 선택,0,1,0,신태인고
지구과학,일반 선택,0,1,0,신태인고
역학과 에너지,진로 선택,0,1,0,신태인고
화학 반응의 세계,진로 선택,0,1,0,신태인고
세포와 물질대사,진로 선택,0,1,0,신태인고
행성우주과학,진로 선택,0,1,0,신태인고
현대사회와 윤리,일반 선택,0,1,0,신태인고
동아시아 역사 기행,진로 선택,0,1,0,신태인고
정치,진로 선택,0,1,0,신태인고
윤리와 사상,진로 선택,0,1,0,신태인고
인문학과 윤리,진로 선택,0,1,0,신태인고
국제 관계의 이해,진로 선택,0,1,0,신태인고
사회문제 탐구,융합 선택,0,1,0,신태인고
한문,일반 선택,0,1,0,신태인고
진로와 직업,일반 선택,0,1,0,신태인고
생태와 환경,일반 선택,0,1,0,신태인고
생물의 유전,진로 선택,0,0,1,신태인고
과학의 역사와 문화,융합 선택,0,0,1,신태인고
기후변화와 환경생태,융합 선택,0,0,1,신태인고
인문학과 윤리,진로 선택,0,0,1,신태인고
사회문제 탐구,융합 선택,0,0,1,신태인고
인공지능 기초,진로 선택,0,0,1,신태인고
생태와 환경,일반 선택,0,0,1,신태인고
인간과 철학,진로 선택,0,0,1,신태인고
보건,진로 선택,0,0,1,신태인고
논술,융합 선택,0,0,1,신태인고
지구시스템과학,진로 선택,0,0,1,신태인고
융합과학 탐구,융합 선택,0,0,1,신태인고
생명과학 실험,융합 선택,0,0,1,신태인고
금융과 경제생활,융합 선택,0,0,1,신태인고
윤리문제 탐구,융합 선택,0,0,1,신태인고
진로와 직업,일반 선택,0,0,1,신태인고
생태와 환경,일반 선택,0,0,1,신태인고
인간과 철학,진로 선택,0,0,1,신태인고
보건,진로 선택,0,0,1,신태인고
인간과 경제활동,융합 선택,0,0,1,신태인고
논술,융합 선택,0,0,1,신태인고
공통국어1,공통 과목,1,0,0,왕신여고
공통국어2,공통 과목,1,0,0,왕신여고
화법과 언어,일반 선택,0,0,1,왕신여고
독서와 작문,일반 선택,0,1,0,왕신여고
문학,일반 선택,0,1,0,왕신여고
공통수학1,공통 과목,1,0,0,왕신여고
공통수학2,공통 과목,1,0,0,왕신여고
대수,일반 선택,0,1,0,왕신여고
미적분Ⅰ,일반 선택,0,1,0,왕신여고
확률과 통계,일반 선택,0,0,1,왕신여고
공통영어1,공통 과목,1,0,0,왕신여고
공통영어2,공통 과목,1,0,0,왕신여고
영어Ⅰ,일반 선택,0,1,0,왕신여고
영어Ⅱ,일반 선택,0,1,0,왕신여고
영어 독해와 작문,일반 선택,0,0,1,왕신여고
체육1,일반 선택,1,0,0,왕신여고
체육2,일반 선택,1,0,0,왕신여고
운동과 건강,진로 선택,0,0,1,왕신여고
스포츠 문화,진로 선택,0,1,0,왕신여고
스포츠 과학,진로 선택,0,1,0,왕신여고
스포츠 생활1,융합 선택,0,0,1,왕신여고
음악,일반 선택,1,0,0,왕신여고
미술,일반 선택,1,0,0,왕신여고
한국사1,공통 과목,1,0,0,왕신여고
한국사2,공통 과목,1,0,0,왕신여고
통합사회1,공통 과목,1,0,0,왕신여고
통합사회2,공통 과목,1,0,0,왕신여고
통합과학1,공통 과목,1,0,0,왕신여고
통합과학2,공통 과목,1,0,0,왕신여고
과학탐구실험1,공통 과목,1,0,0,왕신여고
과학탐구실험2,공통 과목,1,0,0,왕신여고
진로와 직업,일반 선택,0,1,0,왕신여고
보건,진로 선택,0,1,0,왕신여고
기술·가정,일반 선택,0,1,0,왕신여고
로봇과 공학세계,진로 선택,0,1,0,왕신여고
생활과학 탐구,진로 선택,0,1,0,왕신여고
창의 공학 설계,융합 선택,0,1,0,왕신여고
아동발달과 부모,융합 선택,0,1,0,왕신여고
한문,일반 선택,0,1,0,왕신여고
세계시민과 지리,일반 선택,0,1,0,왕신여고
사회와 문화,일반 선택,0,1,0,왕신여고
현대사회와 윤리,일반 선택,0,1,0,왕신여고
법과 사회,진로 선택,0,1,0,왕신여고
경제,진로 선택,0,1,0,왕신여고
국제 관계의 이해,진로 선택,0,1,0,왕신여고
물리학,일반 선택,0,1,0,왕신여고
화학,일반 선택,0,1,0,왕신여고
생명과학,일반 선택,0,1,0,왕신여고
지구과학,일반 선택,0,1,0,왕신여고
진로와 직업,일반 선택,0,1,0,왕신여고
보건,진로 선택,0,1,0,왕신여고
한국지리 탐구,진로 선택,0,1,0,왕신여고
정치,진로 선택,0,1,0,왕신여고
윤리와 사상,진로 선택,0,1,0,왕신여고
물리학,일반 선택,0,1,0,왕신여고
화학,일반 선택,0,1,0,왕신여고
생명과학,일반 선택,0,1,0,왕신여고
지구과학,일반 선택,0,1,0,왕신여고
정보,일반 선택,0,1,0,왕신여고
인공지능 기초,진로 선택,0,1,0,왕신여고
데이터 과학,진로 선택,0,1,0,왕신여고
소프트웨어와 생활,융합 선택,0,1,0,왕신여고
한문 고전 읽기,진로 선택,0,1,0,왕신여고
언어생활과 한자,융합 선택,0,1,0,왕신여고
생태와 환경,일반 선택,0,0,1,왕신여고
인간과 철학,진로 선택,0,0,1,왕신여고
인간과 심리,진로 선택,0,0,1,왕신여고
삶과 종교,진로 선택,0,0,1,왕신여고
음악과 미디어,융합 선택,0,0,1,왕신여고
미술과 매체,융합 선택,0,0,1,왕신여고
사회문제 탐구,융합 선택,0,0,1,왕신여고
금융과 경제생활,융합 선택,0,0,1,왕신여고
윤리문제 탐구,융합 선택,0,0,1,왕신여고
역학과 에너지,진로 선택,0,0,1,왕신여고
전자기와 양자,진로 선택,0,0,1,왕신여고
물질과 에너지,진로 선택,0,0,1,왕신여고
화학 반응의 세계,진로 선택,0,0,1,왕신여고
세포와 물질대사,진로 선택,0,0,1,왕신여고
생물의 유전,진로 선택,0,0,1,왕신여고
지구시스템과학,진로 선택,0,0,1,왕신여고
중국어,일반 선택,0,0,1,왕신여고
일본어,일반 선택,0,0,1,왕신여고
중국 문화,융합 선택,0,0,1,왕신여고
일본 문화,융합 선택,0,0,1,왕신여고
주제 탐구 독서,진로 선택,0,0,1,왕신여고
문학과 영상,진로 선택,0,0,1,왕신여고
언어생활 탐구,융합 선택,0,0,1,왕신여고
기하,진로 선택,0,0,1,왕신여고
미적분Ⅱ,진로 선택,0,0,1,왕신여고
수학과제 탐구,융합 선택,0,0,1,왕신여고
영어 발표와 토론,진로 선택,0,0,1,왕신여고
미디어 영어,융합 선택,0,0,1,왕신여고
세계 문화와 영어,융합 선택,0,0,1,왕신여고
여행지리,융합 선택,0,0,1,왕신여고
역사로 탐구하는 현대 세계,융합 선택,0,0,1,왕신여고
과학의 역사와 문화,융합 선택,0,0,1,왕신여고
기후변화와 환경생태,융합 선택,0,0,1,왕신여고
융합과학 탐구,융합 선택,0,0,1,왕신여고
음악 연주와 창작,진로 선택,0,0,1,왕신여고
음악 감상과 비평,진로 선택,0,0,1,왕신여고
미술 창작,진로 선택,0,0,1,왕신여고
미술 감상과 비평,진로 선택,0,0,1,왕신여고
논리와 사고,진로 선택,0,0,1,왕신여고
인간과 심리,진로 선택,0,0,1,왕신여고
인간과 경제활동,융합 선택,0,0,1,왕신여고
논술,융합 선택,0,0,1,왕신여고
공통국어1,공통 과목,1,0,0,인상고
공통국어2,공통 과목,1,0,0,인상고
화법과 언어,일반 선택,0,0,1,인상고
독서와 작문,일반 선택,0,1,0,인상고
문학,일반 선택,0,1,0,인상고
공통수학1,공통 과목,1,0,0,인상고
공통수학2,공통 과목,1,0,0,인상고
대수,일반 선택,0,1,0,인상고
미적분Ⅰ,일반 선택,0,1,0,인상고
확률과 통계,일반 선택,0,0,1,인상고
공통영어1,공통 과목,1,0,0,인상고
공통영어2,공통 과목,1,0,0,인상고
영어Ⅰ,일반 선택,0,1,0,인상고
영어Ⅱ,일반 선택,0,0,1,인상고
심화 영어,진로 선택,0,1,0,인상고
체육1,일반 선택,1,0,0,인상고
체육2,일반 선택,1,0,0,인상고
운동과 건강,진로 선택,0,1,0,인상고
스포츠 과학,진로 선택,0,1,0,인상고
스포츠 생활1,융합 선택,0,0,1,인상고
스포츠 생활2,융합 선택,0,0,1,인상고
한문,일반 선택,0,1,0,인상고
한문 고전 읽기,진로 선택,0,1,0,인상고
한국사1,공통 과목,1,0,0,인상고
한국사2,공통 과목,1,0,0,인상고
통합사회1,공통 과목,1,0,0,인상고
통합사회2,공통 과목,1,0,0,인상고
진로와 직업,일반 선택,1,0,0,인상고
보건,진로 선택,1,0,0,인상고
통합과학1,공통 과목,1,0,0,인상고
통합과학2,공통 과목,1,0,0,인상고
과학탐구실험1,공통 과목,1,0,0,인상고
과학탐구실험2,공통 과목,1,0,0,인상고
미적분Ⅱ,진로 선택,0,0,1,인상고
경제 수학,진로 선택,0,0,1,인상고
동아시아 역사 기행,진로 선택,0,0,1,인상고
기후변화와 환경생태,융합 선택,0,0,1,인상고
세계사,일반 선택,0,0,1,인상고
인문학과 윤리,진로 선택,0,0,1,인상고
생물의 유전,진로 선택,0,0,1,인상고
행성우주과학,진로 선택,0,0,1,인상고
현대사회와 윤리,일반 선택,0,1,0,인상고
생명과학,일반 선택,0,1,0,인상고
윤리와 사상,진로 선택,0,1,0,인상고
세포와 물질대사,진로 선택,0,1,0,인상고
윤리문제 탐구,융합 선택,0,0,1,인상고
전자기와 양자,진로 선택,0,0,1,인상고
물리학,일반 선택,0,1,0,인상고
화학,일반 선택,0,1,0,인상고
지구과학,일반 선택,0,1,0,인상고
역학과 에너지,진로 선택,0,1,0,인상고
물질과 에너지,진로 선택,0,1,0,인상고
지구시스템과학,진로 선택,0,1,0,인상고
생태와 환경,일반 선택,0,0,1,인상고
논리와 사고,진로 선택,0,0,1,인상고
인간과 심리,진로 선택,0,0,1,인상고
논술,융합 선택,0,0,1,인상고
문학과 영상,진로 선택,0,0,1,인상고
직무 의사소통,진로 선택,0,0,1,인상고
실생활 영어 회화,융합 선택,0,0,1,인상고
미디어 영어,융합 선택,0,0,1,인상고
음악,일반 선택,0,1,0,인상고
미술,일반 선택,0,1,0,인상고
음악 연주와 창작,진로 선택,0,1,0,인상고
미술 창작,진로 선택,0,1,0,인상고
음악 감상과 비평,진로 선택,0,0,1,인상고
미술 감상과 비평,진로 선택,0,0,1,인상고
음악과 미디어,융합 선택,0,0,1,인상고
미술과 매체,융합 선택,0,0,1,인상고
공통국어1,공통 과목,1,0,0,인월고
공통국어2,공통 과목,1,0,0,인월고
화법과 언어,일반 선택,0,1,0,인월고
독서와 작문,일반 선택,0,0,1,인월고
문학,일반 선택,0,1,0,인월고
공통수학1,공통 과목,1,0,0,인월고
공통수학2,공통 과목,1,0,0,인월고
대수,일반 선택,0,1,0,인월고
미적분Ⅰ,일반 선택,0,1,0,인월고
확률과 통계,일반 선택,0,0,1,인월고
공통영어1,공통 과목,1,0,0,인월고
공통영어2,공통 과목,1,0,0,인월고
영어Ⅰ,일반 선택,0,1,0,인월고
영어Ⅱ,일반 선택,0,1,0,인월고
체육1,일반 선택,1,0,0,인월고
체육2,일반 선택,1,0,0,인월고
운동과 건강,진로 선택,0,1,0,인월고
스포츠 문화,진로 선택,0,0,1,인월고
스포츠 과학,진로 선택,0,0,1,인월고
스포츠 생활1,융합 선택,0,1,0,인월고
음악 연주와 창작,진로 선택,0,0,1,인월고
음악 감상과 비평,진로 선택,0,0,1,인월고
기술·가정,일반 선택,1,0,0,인월고
생애 설계와 자립,융합 선택,0,0,1,인월고
한국사1,공통 과목,1,0,0,인월고
한국사2,공통 과목,1,0,0,인월고
통합사회1,공통 과목,1,0,0,인월고
통합사회2,공통 과목,1,0,0,인월고
진로와 직업,일반 선택,1,0,0,인월고
통합과학1,공통 과목,1,0,0,인월고
통합과학2,공통 과목,1,0,0,인월고
과학탐구실험1,공통 과목,1,0,0,인월고
과학탐구실험2,공통 과목,1,0,0,인월고
음악,일반 선택,1,0,0,인월고
미술,일반 선택,1,0,0,인월고
영어 독해와 작문,일반 선택,0,1,0,인월고
세계시민과 지리,일반 선택,0,1,0,인월고
세계사,일반 선택,0,1,0,인월고
사회와 문화,일반 선택,0,1,0,인월고
현대사회와 윤리,일반 선택,0,1,0,인월고
물리학,일반 선택,0,1,0,인월고
화학,일반 선택,0,1,0,인월고
생명과학,일반 선택,0,1,0,인월고
지구과학,일반 선택,0,1,0,인월고
주제 탐구 독서,진로 선택,0,1,0,인월고
미적분Ⅱ,진로 선택,0,1,0,인월고
영어 독해와 작문,일반 선택,0,1,0,인월고
영미 문학 읽기,진로 선택,0,1,0,인월고
세계시민과 지리,일반 선택,0,1,0,인월고
세계사,일반 선택,0,1,0,인월고
사회와 문화,일반 선택,0,1,0,인월고
현대사회와 윤리,일반 선택,0,1,0,인월고
동아시아 역사 기행,진로 선택,0,1,0,인월고
법과 사회,진로 선택,0,1,0,인월고
경제,진로 선택,0,1,0,인월고
윤리와 사상,진로 선택,0,1,0,인월고
물리학,일반 선택,0,1,0,인월고
화학,일반 선택,0,1,0,인월고
생명과학,일반 선택,0,1,0,인월고
지구과학,일반 선택,0,1,0,인월고
물질과 에너지,진로 선택,0,1,0,인월고
화학 반응의 세계,진로 선택,0,1,0,인월고
지구시스템과학,진로 선택,0,1,0,인월고
행성우주과학,진로 선택,0,1,0,인월고
음악 감상과 비평,진로 선택,0,1,0,인월고
미술 감상과 비평,진로 선택,0,1,0,인월고
로봇과 공학세계,진로 선택,0,1,0,인월고
생활과학 탐구,진로 선택,0,1,0,인월고
정보,일반 선택,0,1,0,인월고
중국어,일반 선택,0,1,0,인월고
일본어,일반 선택,0,1,0,인월고
인간과 심리,진로 선택,0,1,0,인월고
교육의 이해,진로 선택,0,1,0,인월고
음악 연주와 창작,진로 선택,0,1,0,인월고
미술 창작,진로 선택,0,1,0,인월고
지식 재산 일반,융합 선택,0,1,0,인월고
아동발달과 부모,융합 선택,0,1,0,인월고
인공지능 기초,진로 선택,0,1,0,인월고
중국어 회화,진로 선택,0,1,0,인월고
일본어 회화,진로 선택,0,1,0,인월고
인간과 심리,진로 선택,0,1,0,인월고
교육의 이해,진로 선택,0,1,0,인월고
주제 탐구 독서,진로 선택,0,0,1,인월고
문학과 영상,진로 선택,0,0,1,인월고
직무 의사소통,진로 선택,0,0,1,인월고
독서 토론과 글쓰기,융합 선택,0,0,1,인월고
매체 의사소통,융합 선택,0,0,1,인월고
기하,진로 선택,0,0,1,인월고
미적분Ⅱ,진로 선택,0,0,1,인월고
경제 수학,진로 선택,0,0,1,인월고
인공지능 수학,진로 선택,0,0,1,인월고
직무 수학,진로 선택,0,0,1,인월고
수학과 문화,융합 선택,0,0,1,인월고
실용 통계,융합 선택,0,0,1,인월고
영미 문학 읽기,진로 선택,0,0,1,인월고
영어 발표와 토론,진로 선택,0,0,1,인월고
실생활 영어 회화,융합 선택,0,0,1,인월고
미디어 영어,융합 선택,0,0,1,인월고
주제 탐구 독서,진로 선택,0,0,1,인월고
문학과 영상,진로 선택,0,0,1,인월고
직무 의사소통,진로 선택,0,0,1,인월고
매체 의사소통,융합 선택,0,0,1,인월고
언어생활 탐구,융합 선택,0,0,1,인월고
기하,진로 선택,0,0,1,인월고
미적분Ⅱ,진로 선택,0,0,1,인월고
경제 수학,진로 선택,0,0,1,인월고
인공지능 수학,진로 선택,0,0,1,인월고
직무 수학,진로 선택,0,0,1,인월고
수학과 문화,융합 선택,0,0,1,인월고
실용 통계,융합 선택,0,0,1,인월고
영어 독해와 작문,일반 선택,0,0,1,인월고
영미 문학 읽기,진로 선택,0,0,1,인월고
영어 발표와 토론,진로 선택,0,0,1,인월고
직무 영어,진로 선택,0,0,1,인월고
실생활 영어 회화,융합 선택,0,0,1,인월고
미디어 영어,융합 선택,0,0,1,인월고
세계 문화와 영어,융합 선택,0,0,1,인월고
도시의 미래 탐구,진로 선택,0,0,1,인월고
동아시아 역사 기행,진로 선택,0,0,1,인월고
정치,진로 선택,0,0,1,인월고
법과 사회,진로 선택,0,0,1,인월고
경제,진로 선택,0,0,1,인월고
윤리와 사상,진로 선택,0,0,1,인월고
인문학과 윤리,진로 선택,0,0,1,인월고
국제 관계의 이해,진로 선택,0,0,1,인월고
여행지리,융합 선택,0,0,1,인월고
역사로 탐구하는 현대 세계,융합 선택,0,0,1,인월고
금융과 경제생활,융합 선택,0,0,1,인월고
기후변화와 지속가능한 세계,융합 선택,0,0,1,인월고
역학과 에너지,진로 선택,0,0,1,인월고
전자기와 양자,진로 선택,0,0,1,인월고
물질과 에너지,진로 선택,0,0,1,인월고
화학 반응의 세계,진로 선택,0,0,1,인월고
세포와 물질대사,진로 선택,0,0,1,인월고
생물의 유전,진로 선택,0,0,1,인월고
지구시스템과학,진로 선택,0,0,1,인월고
행성우주과학,진로 선택,0,0,1,인월고
과학의 역사와 문화,융합 선택,0,0,1,인월고
기후변화와 환경생태,융합 선택,0,0,1,인월고
도시의 미래 탐구,진로 선택,0,0,1,인월고
동아시아 역사 기행,진로 선택,0,0,1,인월고
정치,진로 선택,0,0,1,인월고
법과 사회,진로 선택,0,0,1,인월고
경제,진로 선택,0,0,1,인월고
윤리와 사상,진로 선택,0,0,1,인월고
인문학과 윤리,진로 선택,0,0,1,인월고
국제 관계의 이해,진로 선택,0,0,1,인월고
여행지리,융합 선택,0,0,1,인월고
역사로 탐구하는 현대 세계,융합 선택,0,0,1,인월고
사회문제 탐구,융합 선택,0,0,1,인월고
금융과 경제생활,융합 선택,0,0,1,인월고
윤리문제 탐구,융합 선택,0,0,1,인월고
기후변화와 지속가능한 세계,융합 선택,0,0,1,인월고
역학과 에너지,진로 선택,0,0,1,인월고
전자기와 양자,진로 선택,0,0,1,인월고
물질과 에너지,진로 선택,0,0,1,인월고
화학 반응의 세계,진로 선택,0,0,1,인월고
세포와 물질대사,진로 선택,0,0,1,인월고
생물의 유전,진로 선택,0,0,1,인월고
지구시스템과학,진로 선택,0,0,1,인월고
행성우주과학,진로 선택,0,0,1,인월고
과학의 역사와 문화,융합 선택,0,0,1,인월고
기후변화와 환경생태,융합 선택,0,0,1,인월고
생태와 환경,일반 선택,0,0,1,인월고
논리와 사고,진로 선택,0,0,1,인월고
보건,진로 선택,0,0,1,인월고
공통국어1,공통 과목,1,0,0,정읍고
공통국어2,공통 과목,1,0,0,정읍고
독서와 작문,일반 선택,0,1,0,정읍고
문학,일반 선택,0,1,0,정읍고
주제 탐구 독서,진로 선택,0,0,1,정읍고
문학과 영상,진로 선택,0,0,1,정읍고
공통수학1,공통 과목,1,0,0,정읍고
공통수학2,공통 과목,1,0,0,정읍고
대수,일반 선택,0,1,0,정읍고
미적분Ⅰ,일반 선택,0,1,0,정읍고
경제 수학,진로 선택,0,0,1,정읍고
공통영어1,공통 과목,1,0,0,정읍고
공통영어2,공통 과목,1,0,0,정읍고
영어Ⅰ,일반 선택,0,1,0,정읍고
영어Ⅱ,일반 선택,0,1,0,정읍고
영어 발표와 토론,진로 선택,0,0,1,정읍고
심화 영어 독해와 작문,진로 선택,0,0,1,정읍고
체육1,일반 선택,1,0,0,정읍고
체육2,일반 선택,1,0,0,정읍고
운동과 건강,진로 선택,0,0,1,정읍고
스포츠 과학,진로 선택,0,0,1,정읍고
스포츠 생활1,융합 선택,0,1,0,정읍고
스포츠 생활2,융합 선택,0,1,0,정읍고
미술,일반 선택,1,0,0,정읍고
미술 창작,진로 선택,1,0,0,정읍고
한국사1,공통 과목,1,0,0,정읍고
한국사2,공통 과목,1,0,0,정읍고
통합사회1,공통 과목,1,0,0,정읍고
통합사회2,공통 과목,1,0,0,정읍고
통합과학1,공통 과목,1,0,0,정읍고
통합과학2,공통 과목,1,0,0,정읍고
과학탐구실험1,공통 과목,1,0,0,정읍고
과학탐구실험2,공통 과목,1,0,0,정읍고
일본어,일반 선택,1,0,0,정읍고
한문,일반 선택,1,0,0,정읍고
일본어,일반 선택,1,0,0,정읍고
한문,일반 선택,1,0,0,정읍고
음악,일반 선택,0,1,0,정읍고
미술 감상과 비평,진로 선택,0,1,0,정읍고
일본어 회화,진로 선택,0,1,0,정읍고
언어생활과 한자,융합 선택,0,1,0,정읍고
세계시민과 지리,일반 선택,0,1,0,정읍고
세계사,일반 선택,0,1,0,정읍고
사회와 문화,일반 선택,0,1,0,정읍고
현대사회와 윤리,일반 선택,0,1,0,정읍고
인간과 심리,진로 선택,0,1,0,정읍고
보건,진로 선택,0,1,0,정읍고
논술,융합 선택,0,1,0,정읍고
물리학,일반 선택,0,1,0,정읍고
화학,일반 선택,0,1,0,정읍고
생명과학,일반 선택,0,1,0,정읍고
지구과학,일반 선택,0,1,0,정읍고
기하,진로 선택,0,1,0,정읍고
음악,일반 선택,0,1,0,정읍고
미술 감상과 비평,진로 선택,0,1,0,정읍고
일본어 회화,진로 선택,0,1,0,정읍고
언어생활과 한자,융합 선택,0,1,0,정읍고
세계시민과 지리,일반 선택,0,1,0,정읍고
세계사,일반 선택,0,1,0,정읍고
사회와 문화,일반 선택,0,1,0,정읍고
현대사회와 윤리,일반 선택,0,1,0,정읍고
인간과 심리,진로 선택,0,1,0,정읍고
보건,진로 선택,0,1,0,정읍고
논술,융합 선택,0,1,0,정읍고
물리학,일반 선택,0,1,0,정읍고
화학,일반 선택,0,1,0,정읍고
생명과학,일반 선택,0,1,0,정읍고
지구과학,일반 선택,0,1,0,정읍고
화법과 언어,일반 선택,0,0,1,정읍고
독서 토론과 글쓰기,융합 선택,0,0,1,정읍고
확률과 통계,일반 선택,0,0,1,정읍고
미적분Ⅱ,진로 선택,0,0,1,정읍고
영어 독해와 작문,일반 선택,0,0,1,정읍고
심화 영어,진로 선택,0,0,1,정읍고
한문 고전 읽기,진로 선택,0,0,1,정읍고
일본 문화,융합 선택,0,0,1,정읍고
도시의 미래 탐구,진로 선택,0,0,1,정읍고
경제,진로 선택,0,0,1,정읍고
윤리와 사상,진로 선택,0,0,1,정읍고
진로와 직업,일반 선택,0,0,1,정읍고
생태와 환경,일반 선택,0,0,1,정읍고
역학과 에너지,진로 선택,0,0,1,정읍고
화학 반응의 세계,진로 선택,0,0,1,정읍고
생물의 유전,진로 선택,0,0,1,정읍고
지구시스템과학,진로 선택,0,0,1,정읍고
한문 고전 읽기,진로 선택,0,0,1,정읍고
일본 문화,융합 선택,0,0,1,정읍고
여행지리,융합 선택,0,0,1,정읍고
사회문제 탐구,융합 선택,0,0,1,정읍고
윤리문제 탐구,융합 선택,0,0,1,정읍고
진로와 직업,일반 선택,0,0,1,정읍고
생태와 환경,일반 선택,0,0,1,정읍고
전자기와 양자,진로 선택,0,0,1,정읍고
화학 반응의 세계,진로 선택,0,0,1,정읍고
생물의 유전,진로 선택,0,0,1,정읍고
지구시스템과학,진로 선택,0,0,1,정읍고
공통국어1,공통 과목,1,0,0,정읍여고
공통국어2,공통 과목,1,0,0,정읍여고
화법과 언어,일반 선택,0,1,0,정읍여고
독서와 작문,일반 선택,0,0,1,정읍여고
문학,일반 선택,0,1,0,정읍여고
공통수학1,공통 과목,1,0,0,정읍여고
공통수학2,공통 과목,1,0,0,정읍여고
대수,일반 선택,0,1,0,정읍여고
미적분Ⅰ,일반 선택,0,1,0,정읍여고
확률과 통계,일반 선택,0,0,1,정읍여고
공통영어1,공통 과목,1,0,0,정읍여고
공통영어2,공통 과목,1,0,0,정읍여고
영어Ⅰ,일반 선택,0,1,0,정읍여고
영어Ⅱ,일반 선택,0,1,0,정읍여고
심화 영어,진로 선택,0,0,1,정읍여고
체육1,일반 선택,1,0,0,정읍여고
체육2,일반 선택,1,0,0,정읍여고
운동과 건강,진로 선택,0,1,0,정읍여고
스포츠 문화,진로 선택,0,0,1,정읍여고
스포츠 과학,진로 선택,0,0,1,정읍여고
스포츠 생활1,융합 선택,0,1,0,정읍여고
한국사1,공통 과목,1,0,0,정읍여고
한국사2,공통 과목,1,0,0,정읍여고
통합사회1,공통 과목,1,0,0,정읍여고
통합사회2,공통 과목,1,0,0,정읍여고
진로와 직업,일반 선택,0,1,0,정읍여고
통합과학1,공통 과목,1,0,0,정읍여고
통합과학2,공통 과목,1,0,0,정읍여고
과학탐구실험1,공통 과목,1,0,0,정읍여고
과학탐구실험2,공통 과목,1,0,0,정읍여고
음악,일반 선택,1,0,0,정읍여고
미술,일반 선택,1,0,0,정읍여고
음악,일반 선택,1,0,0,정읍여고
미술,일반 선택,1,0,0,정읍여고
조형 탐구,진로 선택,1,0,0,정읍여고
기술·가정,일반 선택,1,0,0,정읍여고
중국어,일반 선택,1,0,0,정읍여고
일본어,일반 선택,1,0,0,정읍여고
기술·가정,일반 선택,1,0,0,정읍여고
중국어,일반 선택,1,0,0,정읍여고
일본어,일반 선택,1,0,0,정읍여고
문학과 영상,진로 선택,0,1,0,정읍여고
기하,진로 선택,0,1,0,정읍여고
영어 독해와 작문,일반 선택,0,1,0,정읍여고
미술사,진로 선택,0,1,0,정읍여고
미술과 사회,융합 선택,0,1,0,정읍여고
음악 연주와 창작,진로 선택,0,1,0,정읍여고
미술 창작,진로 선택,0,1,0,정읍여고
음악 연주와 창작,진로 선택,0,1,0,정읍여고
미술 창작,진로 선택,0,1,0,정읍여고
세계사,일반 선택,0,1,0,정읍여고
현대사회와 윤리,일반 선택,0,1,0,정읍여고
한국지리 탐구,진로 선택,0,1,0,정읍여고
정치,진로 선택,0,1,0,정읍여고
법과 사회,진로 선택,0,1,0,정읍여고
물리학,일반 선택,0,1,0,정읍여고
생명과학,일반 선택,0,1,0,정읍여고
융합과학 탐구,융합 선택,0,1,0,정읍여고
드로잉,진로 선택,0,1,0,정읍여고
세계시민과 지리,일반 선택,0,1,0,정읍여고
사회와 문화,일반 선택,0,1,0,정읍여고
동아시아 역사 기행,진로 선택,0,1,0,정읍여고
경제,진로 선택,0,1,0,정읍여고
인문학과 윤리,진로 선택,0,1,0,정읍여고
화학,일반 선택,0,1,0,정읍여고
지구과학,일반 선택,0,1,0,정읍여고
역학과 에너지,진로 선택,0,1,0,정읍여고
세포와 물질대사,진로 선택,0,1,0,정읍여고
독서 토론과 글쓰기,융합 선택,0,0,1,정읍여고
미적분Ⅱ,진로 선택,0,0,1,정읍여고
세계 문화와 영어,융합 선택,0,0,1,정읍여고
조형 탐구,진로 선택,0,0,1,정읍여고
미술 매체 탐구,융합 선택,0,0,1,정읍여고
역사로 탐구하는 현대 세계,융합 선택,0,0,1,정읍여고
사회문제 탐구,융합 선택,0,0,1,정읍여고
기후변화와 지속가능한 세계,융합 선택,0,0,1,정읍여고
전자기와 양자,진로 선택,0,0,1,정읍여고
물질과 에너지,진로 선택,0,0,1,정읍여고
화학 반응의 세계,진로 선택,0,0,1,정읍여고
생물의 유전,진로 선택,0,0,1,정읍여고
지구시스템과학,진로 선택,0,0,1,정읍여고
행성우주과학,진로 선택,0,0,1,정읍여고
융합과학 탐구,융합 선택,0,0,1,정읍여고
생활과학 탐구,진로 선택,0,0,1,정읍여고
일본 문화,융합 선택,0,0,1,정읍여고
생태와 환경,일반 선택,0,0,1,정읍여고
주제 탐구 독서,진로 선택,0,0,1,정읍여고
언어생활 탐구,융합 선택,0,0,1,정읍여고
영어 발표와 토론,진로 선택,0,0,1,정읍여고
미디어 영어,융합 선택,0,0,1,정읍여고
인공지능 수학,진로 선택,0,0,1,정읍여고
수학과제 탐구,융합 선택,0,0,1,정읍여고
여행지리,융합 선택,0,0,1,정읍여고
금융과 경제생활,융합 선택,0,0,1,정읍여고
윤리문제 탐구,융합 선택,0,0,1,정읍여고
과학의 역사와 문화,융합 선택,0,0,1,정읍여고
기후변화와 환경생태,융합 선택,0,0,1,정읍여고
지식 재산 일반,융합 선택,0,0,1,정읍여고
일본 문화,융합 선택,0,0,1,정읍여고
논술,융합 선택,0,0,1,정읍여고
인간과 심리,진로 선택,0,1,0,정읍여고
보건,진로 선택,0,1,0,정읍여고
인간과 경제활동,융합 선택,0,1,0,정읍여고
공통국어1,공통 과목,1,0,0,정주고
공통국어2,공통 과목,1,0,0,정주고
공통수학1,공통 과목,1,0,0,정주고
공통수학2,공통 과목,1,0,0,정주고
공통영어1,공통 과목,1,0,0,정주고
공통영어2,공통 과목,1,0,0,정주고
체육1,일반 선택,1,0,0,정주고
체육2,일반 선택,1,0,0,정주고
운동과 건강,진로 선택,0,1,0,정주고
스포츠 문화,진로 선택,0,0,1,정주고
스포츠 과학,진로 선택,0,0,1,정주고
스포츠 생활1,융합 선택,0,1,0,정주고
음악,일반 선택,0,1,0,정주고
미술,일반 선택,1,0,0,정주고
음악 감상과 비평,진로 선택,0,1,0,정주고
미술 감상과 비평,진로 선택,1,0,0,정주고
한국사1,공통 과목,1,0,0,정주고
한국사2,공통 과목,1,0,0,정주고
통합사회1,공통 과목,1,0,0,정주고
통합사회2,공통 과목,1,0,0,정주고
통합과학1,공통 과목,1,0,0,정주고
통합과학2,공통 과목,1,0,0,정주고
과학탐구실험1,공통 과목,1,0,0,정주고
과학탐구실험2,공통 과목,1,0,0,정주고
인간과 철학,진로 선택,1,0,0,정주고
인간과 심리,진로 선택,1,0,0,정주고
진로와 직업,일반 선택,1,0,0,정주고
논리와 사고,진로 선택,1,0,0,정주고
문학,일반 선택,0,1,0,정주고
대수,일반 선택,0,1,0,정주고
영어Ⅰ,일반 선택,0,1,0,정주고
세계시민과 지리,일반 선택,0,1,0,정주고
사회와 문화,일반 선택,0,1,0,정주고
현대사회와 윤리,일반 선택,0,1,0,정주고
물리학,일반 선택,0,1,0,정주고
화학,일반 선택,0,1,0,정주고
생명과학,일반 선택,0,1,0,정주고
지구과학,일반 선택,0,1,0,정주고
화법과 언어,일반 선택,0,1,0,정주고
미적분Ⅰ,일반 선택,0,1,0,정주고
영어Ⅱ,일반 선택,0,1,0,정주고
세계시민과 지리,일반 선택,0,1,0,정주고
사회와 문화,일반 선택,0,1,0,정주고
현대사회와 윤리,일반 선택,0,1,0,정주고
정치,진로 선택,0,1,0,정주고
법과 사회,진로 선택,0,1,0,정주고
윤리와 사상,진로 선택,0,1,0,정주고
물리학,일반 선택,0,1,0,정주고
화학,일반 선택,0,1,0,정주고
생명과학,일반 선택,0,1,0,정주고
지구과학,일반 선택,0,1,0,정주고
기술·가정,일반 선택,0,1,0,정주고
중국어,일반 선택,0,1,0,정주고
일본어,일반 선택,0,1,0,정주고
한문,일반 선택,0,1,0,정주고
아동발달과 부모,융합 선택,0,1,0,정주고
중국어 회화,진로 선택,0,1,0,정주고
한문 고전 읽기,진로 선택,0,1,0,정주고
일본 문화,융합 선택,0,1,0,정주고
독서와 작문,일반 선택,0,0,1,정주고
문학과 영상,진로 선택,0,0,1,정주고
확률과 통계,일반 선택,0,0,1,정주고
미적분Ⅱ,진로 선택,0,0,1,정주고
경제 수학,진로 선택,0,0,1,정주고
영어 독해와 작문,일반 선택,0,0,1,정주고
영미 문학 읽기,진로 선택,0,0,1,정주고
주제 탐구 독서,진로 선택,0,0,1,정주고
언어생활 탐구,융합 선택,0,0,1,정주고
기하,진로 선택,0,0,1,정주고
수학과제 탐구,융합 선택,0,0,1,정주고
심화 영어,진로 선택,0,0,1,정주고
세계 문화와 영어,융합 선택,0,0,1,정주고
한국지리 탐구,진로 선택,0,0,1,정주고
사회문제 탐구,융합 선택,0,0,1,정주고
윤리문제 탐구,융합 선택,0,0,1,정주고
전자기와 양자,진로 선택,0,0,1,정주고
화학 반응의 세계,진로 선택,0,0,1,정주고
세포와 물질대사,진로 선택,0,0,1,정주고
지구시스템과학,진로 선택,0,0,1,정주고
고급 물리학,진로 선택,0,0,1,정주고
고급 생명과학,진로 선택,0,0,1,정주고
도시의 미래 탐구,진로 선택,0,0,1,정주고
인문학과 윤리,진로 선택,0,0,1,정주고
금융과 경제생활,융합 선택,0,0,1,정주고
과학의 역사와 문화,융합 선택,0,0,1,정주고
기후변화와 환경생태,융합 선택,0,0,1,정주고
융합과학 탐구,융합 선택,0,0,1,정주고
생활과학 탐구,진로 선택,0,0,1,정주고
언어생활과 한자,융합 선택,0,0,1,정주고
심화 일본어,진로 선택,0,0,1,정주고
일본어 회화,진로 선택,0,0,1,정주고
교육의 이해,진로 선택,0,0,1,정주고
인간과 경제활동,융합 선택,0,0,1,정주고
